time_ms,front,left,right,enc_l,enc_r,pwm_l,pwm_r,action
0,1971,1233,2777,0,0,0,0,0
20,1971,1233,2777,0,0,0,0,0
40,1971,1229,2777,0,0,0,0,0
60,1970,1237,2768,0,0,0,0,0
80,1978,1237,2761,0,0,0,0,0
100,1970,1236,2761,0,0,0,0,0
120,1970,1235,2768,0,0,0,0,0
152,1971,1236,2769,0,0,0,0,0
172,1971,1235,2769,0,0,0,0,0
192,1970,1235,2771,0,0,0,0,0
212,1971,1235,2771,0,0,0,0,0
232,1970,1224,2760,0,0,0,0,0
252,1969,1210,2758,0,0,0,0,0
272,1969,1210,2760,0,0,0,0,0
292,1968,1210,2760,0,0,0,0,0
312,1968,1801,2760,0,0,0,0,0
353,1968,1806,2758,0,0,0,0,0
373,1968,3899,2757,0,0,0,0,0
393,1968,3900,2757,0,0,0,0,0
413,1968,3902,2754,0,0,0,0,0
433,1970,3903,2757,0,0,0,0,0
453,1970,3905,2759,0,0,0,0,0
473,1966,3903,2764,0,0,0,0,0
493,1966,3905,2759,0,0,0,0,0
513,1970,3905,2764,0,0,0,0,0
554,1968,3905,2770,0,0,0,0,0
574,1966,3906,2770,0,0,0,0,0
594,1965,3906,2770,0,0,0,0,0
614,1964,3906,2770,0,0,0,0,0
634,1948,3906,2764,0,0,0,0,0
654,1923,3905,2763,0,0,0,0,0
674,1919,3905,2759,0,0,0,0,0
694,1919,3904,2716,0,0,0,0,0
714,1898,3904,2715,0,0,0,0,0
755,1898,3904,2714,-2,0,0,0,0
775,1873,3904,2712,-2,0,0,0,0
795,1857,3904,2712,-3,0,0,0,0
815,1832,3904,2629,-1,0,0,0,0
835,1831,3904,2612,-2,0,0,0,0
855,1825,3904,2558,-1,0,0,0,0
875,1821,3904,2556,-2,0,0,0,0
895,1808,3902,2480,-3,0,0,0,0
915,1803,3904,2461,-2,0,0,0,0
956,1785,3905,2381,-5,0,0,0,0
976,1720,3904,2375,-4,0,0,0,0
996,1663,3905,2306,-3,0,0,0,0
1016,1641,3905,2225,-3,0,0,0,0
1036,1526,3905,2219,-3,0,0,0,0
1056,1506,3904,2106,-1,0,0,0,0
1076,1492,3745,2090,0,0,0,0,0
1096,1446,3703,2035,0,0,0,0,0
1116,1404,3703,2028,0,0,0,0,0
1157,1401,3703,2028,0,0,0,0,0
1177,1380,3717,2028,0,0,0,0,0
1197,1377,3804,2017,0,0,0,0,0
1217,1377,3820,2022,-1,0,0,0,0
1237,1380,3882,2022,0,0,0,0,0
1257,1401,3887,2007,0,0,0,0,0
1277,1410,3904,2007,0,0,0,0,0
1297,1424,3904,2007,0,0,0,0,0
1317,1425,3904,2007,0,0,0,0,0
1358,1425,3898,2014,0,0,0,0,0
1378,1426,3235,2014,0,0,0,0,0
1398,1426,1605,2009,0,0,0,0,0
1418,1426,1595,2009,0,0,0,0,0
1438,1402,1595,2008,-1,0,0,0,0
1458,1401,1605,2008,0,0,0,0,0
1478,1399,3600,2009,0,0,0,0,0
1498,1381,3607,2009,-1,0,0,0,0
1518,1379,3607,2009,-1,0,0,0,0
1559,1364,3607,2009,-1,0,0,0,0
1579,1352,3607,2010,0,0,0,0,0
1599,1333,3891,2010,0,0,0,0,0
1619,1329,3897,2010,-1,0,0,0,0
1639,1328,3898,2027,-1,0,0,0,0
1659,1309,3902,2030,-2,0,0,0,0
1679,1268,3902,2034,-2,0,0,0,0
1699,1257,3905,2046,-2,0,0,0,0
1719,1256,3905,2046,-2,0,0,0,0
1760,1161,3905,2030,-6,0,0,0,0
1780,1128,3905,1873,-3,0,0,0,0
1800,1055,3906,1559,-4,0,0,0,0
1820,921,3906,1559,-3,0,0,0,0
1840,366,3906,1559,-3,0,0,0,0
1860,27,3905,1747,-3,0,0,0,0
1880,27,3905,1748,-3,0,0,0,0
1900,27,3902,2007,-1,0,0,0,0
1920,132,3894,2010,-1,0,0,0,0
1961,389,3694,2076,-3,0,0,0,0
1981,586,3694,2077,-2,0,0,0,0
2001,883,3694,2116,0,0,0,0,0
2021,1097,3723,2127,0,0,0,0,0
2041,1137,3733,2133,-1,0,0,0,0
2061,1137,3849,2133,0,0,0,0,0
2081,1137,3856,2133,0,0,0,0,0
2101,1110,3861,2147,0,0,0,0,0
2121,1104,3904,2147,0,0,0,0,0
2162,1083,3904,2148,0,0,0,0,0
2182,1079,3904,2148,0,0,0,0,0
2202,1079,3904,2148,0,0,0,0,0
2222,1074,3904,2131,0,0,0,0,0
2242,1030,3904,2131,0,0,0,0,0
2262,956,3904,2130,0,0,0,0,0
2282,956,3904,2130,0,0,0,0,0
2302,956,3905,2130,0,0,0,0,0
2322,1021,3903,2128,0,0,0,0,0
2363,1022,3903,2128,-5,0,0,0,0
2383,1022,3904,2126,-3,0,0,0,0
2403,1022,3904,2128,-2,0,0,0,0
2423,1009,3904,2137,-2,0,0,0,0
2443,711,3904,2147,-2,0,0,0,0
2463,711,3907,2160,-1,0,0,0,0
2483,694,3904,2166,-2,0,0,0,0
2503,689,3904,2172,-4,0,0,0,0
2523,689,3904,2185,-3,0,0,0,0
2564,692,3904,2185,-5,0,0,0,0
2584,692,3904,2185,-2,0,0,0,0
2604,736,3904,2185,-1,0,0,0,0
2624,736,3904,2173,-1,0,0,0,0
2644,736,3904,2164,0,0,0,0,0
2664,710,3904,2164,0,0,0,0,0
2684,709,3904,2148,-1,0,0,0,0
2704,709,3904,2147,0,0,0,0,0
2724,710,3904,2140,0,0,0,0,0
2765,710,3904,2126,0,0,0,0,0
2785,710,3904,2118,0,0,0,0,0
2805,710,3904,2117,0,0,0,0,0
2825,710,3904,2107,0,0,0,0,0
2845,710,3904,2107,0,0,0,0,0
2865,713,3904,2104,0,0,0,0,0
2885,713,3904,2106,0,0,0,0,0
2905,713,2175,2104,0,0,0,0,0
2925,712,2171,2106,0,0,0,0,0
2966,712,1362,2105,0,0,0,0,0
2986,712,1362,2105,0,0,0,0,0
3006,712,1360,2097,0,0,0,0,0
3026,712,1360,2101,0,0,0,0,0
3046,710,1360,2101,0,0,0,0,0
3066,729,1360,2101,0,0,0,0,0
3086,717,1365,2101,0,0,0,0,0
3106,710,1366,2101,0,0,0,0,0
3126,710,1366,2101,0,0,0,0,0
3167,710,1366,2125,0,0,0,0,0
3187,710,1363,2100,0,0,0,0,0
3207,710,1363,2100,0,0,0,0,0
3227,710,1362,2101,0,0,0,0,0
3247,708,1360,2110,0,0,0,0,0
3267,710,1361,2101,0,0,0,0,0
3287,709,1361,2101,0,0,0,0,0
3307,708,1361,2101,0,0,0,0,0
3327,709,1361,2102,0,0,0,0,0
3368,710,1361,2102,0,0,0,0,0
3388,716,1361,2108,0,0,0,0,0
3408,716,1363,2124,0,0,0,0,0
3428,716,1363,2128,0,0,0,0,0
3448,709,1363,2128,0,0,0,0,0
3468,708,1363,2128,0,0,0,0,0
3488,707,1380,2124,0,0,0,0,0
3508,708,1394,2127,0,0,0,0,0
3528,708,1408,2127,-1,0,0,0,0
3569,709,1408,2129,-6,0,0,0,0
3589,722,1468,2137,-5,0,0,0,0
3609,744,1502,2146,-6,0,0,0,0
3629,762,1518,2159,-8,0,0,0,0
3649,789,1733,2180,-9,0,0,0,0
3669,816,1734,2197,-9,0,0,0,0
3689,831,2011,2235,-10,0,0,0,0
3709,836,2014,2248,-10,0,0,0,0
3729,838,2227,2264,-9,0,0,0,0
3770,859,2229,2278,-18,0,0,0,0
3790,879,2230,2298,-9,0,0,0,0
3810,931,2823,2345,-10,0,0,0,0
3830,951,2841,2359,-9,0,0,0,0
3850,990,2844,2413,-9,0,0,0,0
3870,1054,2844,2432,-10,0,0,0,0
3890,1098,2841,2445,-10,0,0,0,0
3910,1130,1577,2445,-9,0,0,0,0
3930,1186,1576,2487,-8,0,0,0,0
3971,1256,1418,2487,-17,0,0,0,0
3991,1336,1418,2487,-8,0,0,0,0
4011,1461,1418,2483,-8,0,0,0,0
4031,1532,1509,2472,-9,0,0,0,0
4051,1558,1515,2296,-8,0,0,0,0
4071,1645,1568,2296,-8,0,0,0,0
4091,1691,1594,729,-8,0,0,0,0
4111,1878,1623,724,-7,0,0,0,0
4131,1946,1623,187,-7,0,0,0,0
4172,2038,1674,187,-10,0,0,0,0
4192,2109,1675,187,-3,0,0,0,0
4212,2365,1754,253,-3,0,0,0,0
4232,2429,1821,473,-1,0,0,0,0
4252,2480,1829,476,0,0,0,0,0
4272,2547,1869,504,-1,0,0,0,0
4292,2594,1874,504,0,0,0,0,0
4312,2595,1883,511,0,0,0,0,0
4332,2595,1887,523,0,0,0,0,0
4373,2595,1890,527,0,0,0,0,0
4393,2594,1892,528,0,0,0,0,0
4413,2593,1892,528,0,0,0,0,0
4433,2592,1892,580,0,0,0,0,0
4453,2582,1916,585,0,0,0,0,0
4473,2582,1916,585,0,0,0,0,0
4493,2592,1916,580,0,0,0,0,0
4513,2593,1921,580,0,0,0,0,0
4533,2593,1921,585,0,0,0,0,0
4574,2593,1916,590,0,0,0,0,0
4594,2593,1916,590,0,0,0,0,0
4614,2593,1916,590,0,0,0,0,0
4634,2593,1916,590,0,0,0,0,0
4654,2591,1922,580,0,0,0,0,0
4674,2591,1922,580,0,0,0,0,0
4694,2590,1922,591,0,0,0,0,0
4714,2590,1918,602,0,0,0,0,0
4734,2572,1917,602,0,0,0,0,0
4775,2572,1917,602,0,0,0,0,0
4795,2572,1917,577,0,0,0,0,0
4815,2575,1917,577,0,0,0,0,0
4835,2575,1918,574,0,0,0,0,0
4855,2575,1918,577,0,0,0,0,0
4875,2591,1918,578,0,0,0,0,0
4895,2586,1918,578,0,0,0,0,0
4915,2591,1916,578,0,0,0,0,0
4935,2594,1914,578,0,0,0,0,0
4976,2594,1894,575,0,0,0,0,0
4996,2592,1894,575,0,0,0,0,0
5016,2592,1893,575,0,0,0,0,0
5036,2586,1894,575,0,0,0,0,0
5056,2586,1910,575,0,0,0,0,0
5076,2572,1915,572,0,0,0,0,0
5096,2571,1916,564,0,0,0,0,0
5116,2569,1916,557,0,0,0,0,0
5136,2569,1915,557,0,0,0,0,0
5177,2565,1919,557,0,0,0,0,0
5197,2562,1919,550,0,0,0,0,0
5217,2550,1959,505,0,0,0,0,0
5237,2549,2058,500,0,0,0,0,0
5257,2540,2063,443,-1,0,0,0,0
5277,2480,2173,429,-1,0,0,0,0
5297,2459,2183,320,-1,0,0,0,0
5317,2419,2299,307,-1,0,0,0,0
5337,2418,2309,240,-2,0,0,0,0
5378,2393,2461,240,-5,0,0,0,0
5398,2384,2474,240,-4,0,0,0,0
5418,2368,2616,254,-2,0,0,0,0
5438,2200,2619,1012,-2,0,0,0,0
5458,2089,2773,1015,-1,0,0,0,0
5478,1923,2774,2537,-1,0,0,0,0
5498,1864,2884,2549,-1,0,0,0,0
5518,1764,2906,2886,0,0,0,0,0
5538,1666,2950,2894,-1,0,0,0,0
5579,1666,2954,2937,-2,0,0,0,0
5599,1666,3001,2942,-2,0,0,0,0
5619,1666,3051,2968,-2,0,0,0,0
5639,1740,3068,2983,-2,0,0,0,0
5659,1740,3129,2983,-3,0,0,0,0
5679,1740,3139,2983,-3,0,0,0,0
5699,1378,3155,2974,-3,0,0,0,0
5719,980,3155,2924,-3,0,0,0,0
5739,418,3158,2922,-3,0,0,0,0
5780,220,3155,2740,-7,0,0,0,0
5800,85,3143,2726,-3,0,0,0,0
5820,77,3072,2385,-3,0,0,0,0
5840,77,3068,2062,-3,0,0,0,0
5860,77,3007,2057,-4,0,0,0,0
5880,77,2988,1431,-4,0,0,0,0
5900,75,2917,1429,-4,0,0,0,0
5920,75,2915,1423,-2,0,0,0,0
5940,75,2909,1351,-4,0,0,0,0
5981,75,2855,1351,-5,0,0,0,0
6001,60,2848,1351,-3,0,0,0,0
6021,59,2798,1351,-3,0,0,0,0
6041,49,2752,1351,-4,0,0,0,0
6061,45,2749,1256,-4,0,0,0,0
6081,45,2694,1250,-5,0,0,0,0
6101,45,2685,1250,-6,0,0,0,0
6121,240,2553,1256,-6,0,0,0,0
6141,1294,2538,1277,-6,0,0,0,0
6182,2455,2363,1280,-11,0,0,0,0
6202,2687,2362,1280,-5,0,0,0,0
6222,2687,2225,1280,-4,0,0,0,0
6242,2687,2079,1281,-4,0,0,0,0
6262,2589,2076,1281,-4,0,0,0,0
6282,2545,1918,1275,-4,0,0,0,0
6302,2414,1918,1272,-5,0,0,0,0
6322,2345,1849,1260,-5,0,0,0,0
6342,2301,1844,1247,-6,0,0,0,0
6383,2196,1844,1240,-13,0,0,0,0
6403,2039,1844,1232,-7,0,0,0,0
6423,1829,1844,1190,-7,0,0,0,0
6443,1707,1148,1179,-7,0,0,0,0
6463,1506,1142,1149,-7,0,0,0,0
6483,1402,496,1134,-7,0,0,0,0
6503,1326,494,1038,-6,0,0,0,0
6523,1230,492,1036,-6,0,0,0,0
6543,1080,491,1033,-6,0,0,0,0
6584,934,491,976,-12,0,0,0,0
6604,814,428,966,-5,0,0,0,0
6624,785,184,759,-5,0,0,0,0
6644,785,170,702,-6,0,0,0,0
6664,774,170,701,-5,0,0,0,0
6684,774,170,700,-5,0,0,0,0
6704,774,438,698,-4,0,0,0,0
6724,709,453,677,-5,0,0,0,0
6744,689,2154,677,-5,0,0,0,0
6785,660,2155,634,-11,0,0,0,0
6805,646,2284,634,-6,0,0,0,0
6825,644,2284,634,-4,0,0,0,0
6845,635,2284,634,-3,0,0,0,0
6865,635,2252,634,-3,0,0,0,0
6885,635,2245,941,-1,0,0,0,0
6905,632,2234,942,-1,0,0,0,0
6925,635,2223,1402,0,0,0,0,0
6945,635,2208,1407,0,0,0,0,0
6986,635,2208,1443,0,0,0,0,0
7006,635,2206,1449,0,0,0,0,0
7026,635,2206,1449,0,0,0,0,0
7046,635,2206,1448,0,0,0,0,0
7066,636,2201,1443,0,0,0,0,0
7086,636,2201,1431,0,0,0,0,0
7106,636,2204,1431,0,0,0,0,0
7126,635,2201,1430,0,0,0,0,0
7146,636,2201,1430,0,0,0,0,0
7187,637,2204,1438,0,0,0,0,0
7207,637,2210,1448,0,0,0,0,0
7227,637,2202,1448,-1,0,0,0,0
7247,645,2204,1452,-2,0,0,0,0
7267,645,2204,1452,-4,0,0,0,0
7287,646,2204,1452,-4,0,0,0,0
7307,661,2204,1452,-4,0,0,0,0
7327,661,2219,1452,-3,0,0,0,0
7347,661,2222,1445,-4,0,0,0,0
7388,663,2222,1445,-11,0,0,0,0
7408,682,2224,1445,-6,0,0,0,0
7428,683,2226,1452,-6,0,0,0,0
7448,708,2248,1452,-8,0,0,0,0
7468,712,2248,1452,-8,0,0,0,0
7488,731,2248,1447,-8,0,0,0,0
7508,734,2245,1285,-7,0,0,0,0
7528,762,2228,1272,-8,0,0,0,0
7548,788,2222,945,-8,0,0,0,0
7589,813,2208,939,-17,0,0,0,0
7609,837,2201,730,-8,0,0,0,0
7629,880,2201,535,-9,0,0,0,0
7649,883,2196,524,-9,0,0,0,0
7669,934,2196,508,-8,0,0,0,0
7689,954,2196,508,-9,0,0,0,0
7709,983,2176,508,-8,0,0,0,0
7729,1031,2191,576,-8,0,0,0,0
7749,1053,2196,578,-8,0,0,0,0
7790,1082,2192,685,-18,0,0,0,0
7810,1110,2191,691,-8,0,0,0,0
7830,1217,2192,725,-9,0,0,0,0
7850,1232,2201,725,-7,0,0,0,0
7870,1307,2192,725,-7,0,0,0,0
7890,1374,2198,673,-6,0,0,0,0
7910,1397,2205,673,-5,0,0,0,0
7930,1421,2221,673,-5,0,0,0,0
7950,1451,2204,676,-5,0,0,0,0
7991,1549,2204,694,-7,0,0,0,0
8011,1592,2204,710,-3,0,0,0,0
8031,1643,2204,722,-1,0,0,0,0
8051,1668,2204,722,0,0,0,0,0
8071,1681,2204,722,0,0,0,0,0
8091,1690,2206,729,0,0,0,0,0
8111,1693,2206,726,0,0,0,0,0
8131,1690,2206,703,0,0,0,0,0
8151,1695,2214,703,0,0,0,0,0
8192,1706,2214,725,0,0,0,0,0
8212,1710,2219,725,0,0,0,0,0
8232,1715,2219,722,0,0,0,0,0
8252,1715,2213,725,0,0,0,0,0
8272,1710,2204,727,0,0,0,0,0
8292,1715,2204,728,0,0,0,0,0
8312,1694,2203,727,0,0,0,0,0
8332,1694,2203,727,0,0,0,0,0
8352,1698,2203,707,0,0,0,0,0
8393,1698,2201,707,0,0,0,0,0
8413,1691,2201,707,0,0,0,0,0
8433,1691,2199,707,0,0,0,0,0
8453,1691,2199,709,0,0,0,0,0
8473,1690,2199,723,0,0,0,0,0
8493,1691,2204,718,0,0,0,0,0
8513,1690,2202,718,0,0,0,0,0
8533,1690,2204,723,0,0,0,0,0
8553,1688,2202,723,0,0,0,0,0
8594,1688,2202,723,0,0,0,0,0
8614,1688,2202,723,0,0,0,0,0
8634,1688,2178,724,0,0,0,0,0
8654,1689,2178,727,0,0,0,0,0
8674,1689,2178,727,0,0,0,0,0
8694,1689,2294,727,0,0,0,0,0
8714,1690,2295,728,0,0,0,0,0
8734,1691,2296,727,0,0,0,0,0
8754,1709,2991,725,0,0,0,0,0
8795,1709,3000,721,0,0,0,0,0
8815,1709,3334,707,0,0,0,0,0
8835,1695,3334,704,0,0,0,0,0
8855,1695,3334,704,0,0,0,0,0
8875,1695,3214,702,0,0,0,0,0
8895,1695,3201,701,0,0,0,0,0
8915,1692,3069,702,0,0,0,0,0
8935,1688,3065,701,0,0,0,0,0
8955,1688,3065,700,0,0,0,0,0
8996,1687,3069,700,0,0,0,0,0
9016,1687,3101,701,0,0,0,0,0
9036,1687,3101,701,0,0,0,0,0
9056,1691,3101,698,0,0,0,0,0
9076,1682,2377,698,0,0,0,0,0
9096,1689,2353,701,0,0,0,0,0
9116,1689,2037,701,0,0,0,0,0
9136,1689,2032,698,0,0,0,0,0
9156,1687,2013,699,0,0,0,0,0
9197,1689,2013,701,0,0,0,0,0
9217,1687,2013,701,0,0,0,0,0
9237,1686,1925,699,0,0,0,0,0
9257,1686,1924,701,0,0,0,0,0
9277,1689,1919,705,0,0,0,0,0
9297,1686,1662,705,0,0,0,0,0
9317,1689,1648,703,0,0,0,0,0
9337,1699,1648,705,0,0,0,0,0
9357,1715,1662,709,0,0,0,0,0
9398,1715,1671,724,0,0,0,0,0
9418,1715,1671,724,0,0,0,0,0
9438,1715,1671,724,0,0,0,0,0
9458,1710,1671,701,0,0,0,0,0
9478,1710,1823,701,0,0,0,0,0
9498,1715,1915,700,0,0,0,0,0
9518,1737,1916,701,0,0,0,0,0
9538,1770,2101,702,-1,0,0,0,0
9558,1788,2108,725,0,0,0,0,0
9599,1799,2108,725,-2,0,0,0,0
9619,1807,2101,725,0,0,0,0,0
9639,1869,2055,725,-1,0,0,0,0
9659,1878,2024,725,-1,0,0,0,0
9679,1900,2015,726,-1,0,0,0,0
9699,1906,1927,736,-1,0,0,0,0
9719,1906,1921,1351,-1,0,0,0,0
9739,1900,1784,1353,-1,0,0,0,0
9759,1879,1774,1353,-1,0,0,0,0
9800,1877,1774,1351,-1,0,0,0,0
9820,1874,1774,1105,0,0,0,0,0
9840,1789,2016,1105,-1,0,0,0,0
9860,1764,2020,1105,0,0,0,0,0
9880,1735,2069,1195,0,0,0,0,0
9900,1722,2052,1204,0,0,0,0,0
9920,1651,2052,1329,0,0,0,0,0
9940,1623,2069,1345,0,0,0,0,0
9960,1573,2218,1428,0,0,0,0,0
10001,1571,2223,1428,0,0,0,0,0
10021,1473,2361,1501,0,0,0,0,0
10041,1377,2495,1606,0,0,0,0,0
10061,1307,2501,1609,0,0,0,0,0
10081,1259,2591,1615,0,0,0,0,0
10101,1235,2594,1672,0,0,0,0,0
10121,1161,2704,1677,0,0,0,0,0
10141,1139,2708,1794,0,0,0,0,0
10161,1066,2772,1806,-1,0,0,0,0
10202,1015,2786,1856,-2,0,0,0,0
10222,957,2854,1860,0,0,0,0,0
10242,835,2868,1955,-1,0,0,0,0
10262,763,2874,2021,-1,0,0,0,0
10282,736,2906,2031,-1,0,0,0,0
10302,584,2912,2100,-1,0,0,0,0
10322,515,2916,2102,-1,0,0,0,0
10342,498,2915,2172,0,0,0,0,0
10362,490,2915,2180,-2,0,0,0,0
10403,463,2912,2236,-4,0,0,0,0
10423,421,2899,2238,-2,0,0,0,0
10443,376,2882,2293,-2,0,0,0,0
10463,367,2870,2304,-2,0,0,0,0
10483,367,2868,2310,-3,0,0,0,0
10503,364,2868,2329,-2,0,0,0,0
10523,345,2868,2338,-3,0,0,0,0
10543,345,2868,2346,-3,0,0,0,0
10563,345,2867,2356,-4,0,0,0,0
10604,345,2867,2377,-7,0,0,0,0
10624,345,2867,2377,-4,0,0,0,0
10644,344,2867,2377,-4,0,0,0,0
10664,344,2867,2375,-4,0,0,0,0
10684,343,2870,2375,-4,0,0,0,0
10704,342,2875,2375,-5,0,0,0,0
10724,342,2875,2390,-4,0,0,0,0
10744,343,2875,2394,-5,0,0,0,0
10764,326,2853,2398,-4,0,0,0,0
10805,326,2849,2398,-10,0,0,0,0
10825,343,2849,2421,-4,0,0,0,0
10845,345,2847,2466,-5,0,0,0,0
10865,364,2847,2467,-5,0,0,0,0
10885,364,2851,2467,-5,0,0,0,0
10905,364,2852,2467,-5,0,0,0,0
10925,364,2852,2480,-5,0,0,0,0
10945,363,2852,2484,-5,0,0,0,0
10965,363,2814,2488,-4,0,0,0,0
11006,367,2814,2497,-10,0,0,0,0
11026,382,2814,2497,-4,0,0,0,0
11046,385,2820,2497,-4,0,0,0,0
11066,386,2821,2493,-5,0,0,0,0
11086,386,2821,2493,-5,0,0,0,0
11106,386,2820,2493,-5,0,0,0,0
11126,386,2821,2496,-6,0,0,0,0
11146,399,2822,2505,-5,0,0,0,0
11166,401,2823,2505,-6,0,0,0,0
11207,416,2828,2496,-11,0,0,0,0
11227,422,2839,2491,-5,0,0,0,0
11247,438,2850,2470,-6,0,0,0,0
11267,438,2850,2418,-5,0,0,0,0
11287,440,2871,2411,-6,0,0,0,0
11307,440,2886,2405,-6,0,0,0,0
11327,441,2916,2405,-6,0,0,0,0
11347,441,2917,2398,-6,0,0,0,0
11367,447,2955,2398,-6,0,0,0,0
11408,464,2960,2396,-13,0,0,0,0
11428,471,2963,2396,-6,0,0,0,0
11448,486,2960,2396,-6,0,0,0,0
11468,497,2960,2438,-6,0,0,0,0
11488,509,2956,2466,-7,0,0,0,0
11508,512,2912,2488,-6,0,0,0,0
11528,515,2906,2488,-6,0,0,0,0
11548,538,2906,2488,-6,0,0,0,0
11568,561,2900,2488,-6,0,0,0,0
11609,564,2900,2488,-13,0,0,0,0
11629,564,2925,2477,-5,0,0,0,0
11649,570,2938,2466,-5,0,0,0,0
11669,584,2956,2436,-5,0,0,0,0
11689,585,2956,2426,-4,0,0,0,0
11709,585,2964,2422,-5,0,0,0,0
11729,613,2991,2418,-4,0,0,0,0
11749,613,2995,2405,-4,0,0,0,0
11769,614,2999,2403,-3,0,0,0,0
11810,631,3045,2392,-9,0,0,0,0
11830,631,3045,2379,-4,0,0,0,0
11850,633,3066,2374,-4,0,0,0,0
11870,635,3087,2374,-5,0,0,0,0
11890,660,3091,2373,-4,0,0,0,0
11910,661,3191,2370,-4,0,0,0,0
11930,668,3192,2367,-4,0,0,0,0
11950,680,3343,2353,-4,0,0,0,0
11970,681,3343,2353,-4,0,0,0,0
12011,688,3343,2348,-9,0,0,0,0
12031,708,3001,2339,-4,0,0,0,0
12051,708,1814,2333,-4,0,0,0,0
12071,710,1799,2329,-4,0,0,0,0
12091,710,1191,2299,-4,0,0,0,0
12111,711,1177,2286,-4,0,0,0,0
12131,711,1018,2282,-4,0,0,0,0
12151,715,1015,2278,-4,0,0,0,0
12171,729,903,2274,-4,0,0,0,0
12212,733,890,2266,-8,0,0,0,0
12232,735,837,2265,-4,0,0,0,0
12252,770,769,2226,-5,0,0,0,0
12272,788,768,2220,-4,0,0,0,0
12292,788,732,2219,-5,0,0,0,0
12312,808,722,2215,-6,0,0,0,0
12332,811,675,2172,-5,0,0,0,0
12352,820,675,2170,-5,0,0,0,0
12372,836,675,2156,-5,0,0,0,0
12413,858,681,2152,-12,0,0,0,0
12433,866,747,2149,-5,0,0,0,0
12453,883,864,2126,-5,0,0,0,0
12473,886,872,2081,-7,0,0,0,0
12493,903,1064,2071,-6,0,0,0,0
12513,934,1072,2053,-5,0,0,0,0
12533,935,1309,2052,-5,0,0,0,0
12553,935,1316,1994,-5,0,0,0,0
12573,938,1319,1985,-5,0,0,0,0
12614,939,1407,1940,-10,0,0,0,0
12634,960,1408,1931,-4,0,0,0,0
12654,977,1478,1911,-5,0,0,0,0
12674,977,1498,1884,-4,0,0,0,0
12694,977,1503,1864,-5,0,0,0,0
12714,977,1503,1798,-5,0,0,0,0
12734,980,1503,1798,-6,0,0,0,0
12754,980,1504,1792,-5,0,0,0,0
12774,980,1504,1772,-5,0,0,0,0
12815,982,1572,1728,-10,0,0,0,0
12835,982,1578,1723,-5,0,0,0,0
12855,966,1665,1666,-5,0,0,0,0
12875,963,1725,1666,-4,0,0,0,0
12895,963,1728,1666,-4,0,0,0,0
12915,961,1746,1750,-5,0,0,0,0
12935,961,1750,1753,-4,0,0,0,0
12955,961,1805,1772,-3,0,0,0,0
12975,980,1811,1772,-3,0,0,0,0
13016,980,1829,1772,-3,0,0,0,0
13036,981,1840,1710,0,0,0,0,0
13056,981,1850,1499,0,0,0,0,0
13076,982,1869,1497,0,0,0,0,0
13096,982,1872,1425,0,0,0,0,0
13116,984,1872,1424,0,0,0,0,0
13136,984,1869,1424,0,0,0,0,0
13156,984,1860,1425,0,0,0,0,0
13176,985,1860,1425,0,0,0,0,0
13217,985,1860,1427,0,0,0,0,0
13237,984,1863,1429,0,0,0,0,0
13257,980,1865,1429,0,0,0,0,0
13277,985,1875,1413,0,0,0,0,0
13297,980,1865,1404,0,0,0,0,0
13317,957,1863,1400,0,0,0,0,0
13337,957,1865,1400,0,0,0,0,0
13357,982,1874,1400,0,0,0,0,0
13377,957,1848,1403,0,0,0,0,0
13418,982,1865,1403,0,0,0,0,0
13438,982,1871,1403,0,0,0,0,0
13458,977,1871,1403,0,0,0,0,0
13478,977,1865,1403,0,0,0,0,0
13498,980,1865,1420,0,0,0,0,0
13518,980,1864,1428,0,0,0,0,0
13538,980,1852,1522,0,0,0,0,0
13558,980,1851,1522,0,0,0,0,0
13578,980,1851,1522,0,0,0,0,0
13619,980,1851,1519,0,0,0,0,0
13639,980,1851,1519,0,0,0,0,0
13659,983,1851,1514,0,0,0,0,0
13679,983,1851,1518,0,0,0,0,0
13699,985,1849,1519,0,0,0,0,0
13719,985,1830,1523,0,0,0,0,0
13739,983,1826,1518,0,0,0,0,0
13759,981,1826,1518,-2,0,0,0,0
13779,977,1830,1513,-2,0,0,0,0
13820,977,1848,1449,-11,0,0,0,0
13840,959,1848,1448,-8,0,0,0,0
13860,929,1872,1356,-8,0,0,0,0
13880,907,1934,1356,-9,0,0,0,0
13900,858,1937,1356,-9,0,0,0,0
13920,779,2131,1960,-10,0,0,0,0
13940,691,2133,1967,-9,0,0,0,0
13960,686,2309,2257,-11,0,0,0,0
13980,640,2326,2257,-13,0,0,0,0
14021,580,2402,2490,-26,0,0,0,0
14041,515,2405,2493,-11,0,0,0,0
14061,515,2500,2625,-12,0,0,0,0
14081,515,2532,2761,-13,0,0,0,0
14101,572,2534,2764,-12,0,0,0,0
14121,583,2552,2898,-11,0,0,0,0
14141,583,2552,2899,-11,0,0,0,0
14161,583,2552,2903,-10,0,0,0,0
14181,514,2550,3019,-12,0,0,0,0
14222,314,2550,3022,-27,0,0,0,0
14242,172,2549,3085,-14,0,0,0,0
14262,170,2549,3086,-14,0,0,0,0
14282,170,2551,3087,-14,0,0,0,0
14302,170,2551,3087,-15,0,0,0,0
14322,202,2547,3085,-15,0,0,0,0
14342,230,2551,3085,-12,0,0,0,0
14362,248,2562,3076,-14,0,0,0,0
14382,269,2593,3067,-14,0,0,0,0
14423,276,2598,3065,-32,0,0,0,0
14443,303,2608,2983,-17,0,0,0,0
14463,320,2608,2983,-20,0,0,0,0
14483,343,2608,2983,-20,0,0,0,0
14503,344,2597,3036,-21,0,0,0,0
14523,366,2593,3047,-19,0,0,0,0
14543,390,2556,3090,-20,0,0,0,0
14563,417,2555,3090,-20,0,0,0,0
14583,441,2554,3091,-19,0,0,0,0
14624,447,2549,3091,-41,0,0,0,0
14644,465,2533,3091,-19,0,0,0,0
14664,488,2531,3112,-19,0,0,0,0
14684,510,2520,3112,-19,0,0,0,0
14704,537,2520,3113,-20,0,0,0,0
14724,589,2528,3112,-21,0,0,0,0
14744,635,2531,3104,-19,0,0,0,0
14764,635,2528,3063,-18,0,0,0,0
14784,685,2528,3062,-18,0,0,0,0
14825,735,1175,3020,-40,0,0,0,0
14845,788,1155,3017,-17,0,0,0,0
14865,870,1028,3002,-17,0,0,0,0
14885,969,1028,2945,-17,0,0,0,0
14905,1006,1015,2942,-17,0,0,0,0
14925,1079,1015,2939,-16,0,0,0,0
14945,1138,1010,2935,-16,0,0,0,0
14965,1283,992,2929,-14,0,0,0,0
14985,1379,992,2906,-12,0,0,0,0
15026,1473,992,2894,-19,0,0,0,0
15046,1572,994,2892,-4,0,0,0,0
15066,1829,995,2871,-3,0,0,0,0
15086,1923,999,2830,-1,0,0,0,0
15106,1966,999,2828,0,0,0,0,0
15126,2038,999,2828,0,0,0,0,0
15146,2038,994,2828,0,0,0,0,0
15166,2038,994,2830,0,0,0,0,0
15186,2037,993,2834,0,0,0,0,0
15227,2036,992,2849,0,0,0,0,0
15247,2036,992,2849,0,0,0,0,0
15267,2036,992,2849,0,0,0,0,0
15287,2036,992,2834,0,0,0,0,0
15307,2036,996,2834,0,0,0,0,0
15327,2037,996,2834,0,0,0,0,0
15347,2034,996,2834,0,0,0,0,0
15367,2033,996,2834,0,0,0,0,0
15387,1994,996,2837,-1,0,0,0,0
15428,1991,996,2846,0,0,0,0,0
15448,1989,996,2827,0,0,0,0,0
15468,1990,993,2830,0,0,0,0,0
15488,1990,998,2834,-1,0,0,0,0
15508,1990,993,2830,-2,0,0,0,0
15528,2004,993,2824,-6,0,0,0,0
15548,2011,993,2761,-8,0,0,0,0
15568,2012,993,2757,-10,0,0,0,0
15588,2032,993,2557,-10,0,0,0,0
15629,2032,993,2555,-26,0,0,0,0
15649,2032,1016,2302,-16,0,0,0,0
15669,1879,1016,2302,-18,0,0,0,0
15689,1763,1016,2302,-21,0,0,0,0
15709,1662,957,2755,-22,0,0,0,0
15729,1563,942,2775,-21,0,0,0,0
15749,1283,870,3410,-22,0,0,0,0
15769,1127,861,3413,-22,0,0,0,0
15789,991,722,3708,-21,0,0,0,0
15830,970,722,3708,-47,0,0,0,0
15850,734,722,3708,-21,0,0,0,0
15870,734,810,3651,-21,0,0,0,0
15890,734,814,3648,-19,0,0,0,0
15910,812,821,3648,-14,0,0,0,0
15930,844,969,3357,-11,0,0,0,0
15950,882,990,3346,-8,0,0,0,0
15970,893,990,3201,-6,0,0,0,0
15990,975,969,3194,-6,0,0,0,0
16031,986,941,3194,-14,0,0,0,0
16051,1029,938,3201,-3,0,0,0,0
16071,1127,839,3253,-2,0,0,0,0
16091,1150,781,3328,0,0,0,0,0
16111,1164,768,3349,0,0,0,0,0
16131,1164,704,3390,0,0,0,0,0
16151,1164,694,3395,0,0,0,0,0
16171,1164,694,3406,0,0,0,0,0
16191,1165,698,3417,0,0,0,0,0
16232,1165,704,3419,-2,0,0,0,0
16252,1162,706,3417,-3,0,0,0,0
16272,1165,754,3406,-1,0,0,0,0
16292,1162,768,3257,-1,0,0,0,0
16312,1162,773,3254,-3,0,0,0,0
16332,1162,844,3175,-5,0,0,0,0
16352,1165,851,3157,-8,0,0,0,0
16372,1165,851,3049,-10,0,0,0,0
16392,1165,851,3038,-11,0,0,0,0
16433,1140,914,2854,-25,0,0,0,0
16453,1140,914,2852,-12,0,0,0,0
16473,1126,1036,2534,-13,0,0,0,0
16493,1103,1042,2272,-11,0,0,0,0
16513,1101,1428,2266,-12,0,0,0,0
16533,985,1432,2264,-15,0,0,0,0
16553,937,1721,2011,-15,0,0,0,0
16573,908,1722,2010,-16,0,0,0,0
16593,817,1998,2010,-15,0,0,0,0
16634,613,2005,2011,-36,0,0,0,0
16654,596,2280,2524,-15,0,0,0,0
16674,375,2434,2742,-15,0,0,0,0
16694,329,2437,2748,-14,0,0,0,0
16714,329,2452,2947,-15,0,0,0,0
16734,329,2456,2960,-14,0,0,0,0
16754,342,2478,3037,-18,0,0,0,0
16774,367,2486,3041,-20,0,0,0,0
16794,389,2488,3075,-23,0,0,0,0
16835,393,2489,3075,-52,0,0,0,0
16855,413,2503,3083,-25,0,0,0,0
16875,510,2506,3075,-24,0,0,0,0
16895,514,2506,3075,-24,0,0,0,0
16915,547,2507,3057,-25,0,0,0,0
16935,587,2507,3046,-27,0,0,0,0
16955,634,2517,2963,-27,0,0,0,0
16975,683,2522,2959,-27,0,0,0,0
16995,707,2524,899,-27,0,0,0,0
17036,786,2570,885,-52,0,0,0,0
17056,857,2574,663,-21,0,0,0,0
17076,1030,2640,663,-20,0,0,0,0
17096,1136,2705,663,-18,0,0,0,0
17116,1208,2712,748,-16,0,0,0,0
17136,1303,2750,751,-14,0,0,0,0
17156,1377,2752,752,-11,0,0,0,0
17176,1619,2809,768,-9,0,0,0,0
17196,1731,2836,785,-7,0,0,0,0
17237,1825,2841,797,-8,0,0,0,0
17257,1921,2842,801,-1,0,0,0,0
17277,2151,2842,842,0,0,0,0,0
17297,2194,2845,845,0,0,0,0,0
17317,2216,2841,847,0,0,0,0,0
17337,2224,2851,847,0,0,0,0,0
17357,2225,2846,845,0,0,0,0,0
17377,2227,2846,845,0,0,0,0,0
17397,2245,2840,842,-1,0,0,0,0
17438,2277,2823,821,-7,0,0,0,0
17458,2324,2813,818,-4,0,0,0,0
17478,2487,2725,725,-5,0,0,0,0
17498,2487,2508,725,-4,0,0,0,0
17518,2487,2506,725,-3,0,0,0,0
17538,2487,2506,924,-2,0,0,0,0
17558,2308,2506,929,-1,0,0,0,0
17578,2153,2506,1212,-1,0,0,0,0
17598,1989,2527,1214,0,0,0,0,0
17639,1780,2528,1527,-6,0,0,0,0
17659,1355,3091,1529,-5,0,0,0,0
17679,1028,3377,1886,-8,0,0,0,0
17699,834,3377,2146,-9,0,0,0,0
17719,343,3377,2147,-9,0,0,0,0
17739,343,3377,2151,-10,0,0,0,0
17759,321,3303,2324,-10,0,0,0,0
17779,321,3292,2335,-8,0,0,0,0
17799,320,3172,2467,-7,0,0,0,0
17840,295,3166,2467,-12,0,0,0,0
17860,292,3069,2590,-4,0,0,0,0
17880,246,3034,2660,-2,0,0,0,0
17900,246,3024,2680,-3,0,0,0,0
17920,245,2991,2709,-2,0,0,0,0
17940,243,2975,2714,-3,0,0,0,0
17960,245,2975,2720,-3,0,0,0,0
17980,246,2975,2720,-7,0,0,0,0
18000,270,2982,2720,-9,0,0,0,0
18041,288,2985,2720,-25,0,0,0,0
18061,295,2992,2693,-15,0,0,0,0
18081,344,3005,2624,-16,0,0,0,0
18101,351,3043,2622,-17,0,0,0,0
18121,364,3043,2584,-18,0,0,0,0
18141,365,3054,2584,-19,0,0,0,0
18161,368,3081,2584,-20,0,0,0,0
18181,365,3081,2584,-20,0,0,0,0
18201,394,3068,2606,-18,0,0,0,0
18242,412,3085,2606,-39,0,0,0,0
18262,416,3088,2606,-17,0,0,0,0
18282,439,3112,2491,-20,0,0,0,0
18302,446,3154,2491,-20,0,0,0,0
18322,462,3154,2491,-22,0,0,0,0
18342,488,3203,2509,-23,0,0,0,0
18362,491,3206,2509,-24,0,0,0,0
18382,502,3284,2509,-24,0,0,0,0
18402,511,3315,2481,-23,0,0,0,0
18443,517,3414,2444,-48,0,0,0,0
18463,565,3425,2441,-22,0,0,0,0
18483,586,3531,2399,-22,0,0,0,0
18503,661,3601,2329,-23,0,0,0,0
18523,663,3601,2323,-22,0,0,0,0
18543,681,3601,2230,-21,0,0,0,0
18563,706,3601,2217,-21,0,0,0,0
18583,763,3601,1010,-21,0,0,0,0
18603,814,3677,1007,-20,0,0,0,0
18644,858,3678,605,-35,0,0,0,0
18664,906,3708,605,-13,0,0,0,0
18684,1079,3738,605,-13,0,0,0,0
18704,1136,3743,628,-12,0,0,0,0
18724,1185,3743,631,-11,0,0,0,0
18744,1294,3738,645,-10,0,0,0,0
18764,1373,3716,650,-8,0,0,0,0
18784,1420,3710,653,-6,0,0,0,0
18804,1495,3700,654,-5,0,0,0,0
18845,1668,3695,654,-7,0,0,0,0
18865,1764,3566,654,-2,0,0,0,0
18885,1956,3304,661,-2,0,0,0,0
18905,2002,3287,767,-2,0,0,0,0
18925,2002,2731,775,-1,0,0,0,0
18945,2002,2729,777,-2,0,0,0,0
18965,1923,2729,1208,-5,0,0,0,0
18985,1722,2731,1209,-8,0,0,0,0
19005,1530,3162,1561,-6,0,0,0,0
19046,1416,3168,1573,-14,0,0,0,0
19066,1308,3429,1764,-6,0,0,0,0
19086,1055,3575,1888,-4,0,0,0,0
19106,1047,3584,1899,-5,0,0,0,0
19126,916,3585,1976,-6,0,0,0,0
19146,839,3639,1982,-6,0,0,0,0
19166,685,3649,2035,-7,0,0,0,0
19186,660,3651,2035,-8,0,0,0,0
19206,514,3663,2035,-10,0,0,0,0
19247,452,3712,2038,-25,0,0,0,0
19267,390,3713,2055,-14,0,0,0,0
19287,294,3858,2056,-16,0,0,0,0
19307,294,3897,2056,-17,0,0,0,0
19327,294,3897,2057,-19,0,0,0,0
19347,374,3902,2060,-19,0,0,0,0
19367,487,3903,2061,-19,0,0,0,0
19387,561,3903,2066,-20,0,0,0,0
19407,564,3903,2068,-18,0,0,0,0
19448,584,3903,2068,-32,0,0,0,0
19468,585,3903,2068,-15,0,0,0,0
19488,609,3903,2036,-19,0,0,0,0
19508,632,3903,2034,-21,0,0,0,0
19528,660,3905,2024,-22,0,0,0,0
19548,710,3901,1797,-23,0,0,0,0
19568,764,3904,1796,-25,0,0,0,0
19588,810,3901,891,-23,0,0,0,0
19608,983,3900,884,-21,0,0,0,0
19649,1079,3867,776,-36,0,0,0,0
19669,1160,3864,776,-12,0,0,0,0
19689,1475,3721,776,-9,0,0,0,0
19709,1574,3717,776,-7,0,0,0,0
19729,1686,3462,776,-8,0,0,0,0
19749,1758,3455,774,-6,0,0,0,0
19769,1952,3185,773,-6,0,0,0,0
19789,2011,3181,772,-6,0,0,0,0
19809,2062,3005,768,-5,0,0,0,0
19850,2200,2989,772,-8,0,0,0,0
19870,2374,2826,773,-3,0,0,0,0
19890,2524,2551,785,-2,0,0,0,0
19910,2593,2536,966,0,0,0,0,0
19930,2593,2536,968,0,0,0,0,0
19950,2593,2551,1083,0,0,0,0,0
19970,2453,2909,1091,0,0,0,0,0
19990,2274,2912,1354,0,0,0,0,0
20010,1857,3482,1358,-1,0,0,0,0
20051,1595,3485,1588,-8,0,0,0,0
20071,1375,3764,1591,-5,0,0,0,0
20091,810,3764,1811,-8,0,0,0,0
20111,785,3764,1825,-8,0,0,0,0
20131,615,3752,2003,-11,0,0,0,0
20151,536,3744,2016,-10,0,0,0,0
20171,536,3742,2123,-9,0,0,0,0
20191,517,3739,2125,-11,0,0,0,0
20211,517,3724,2138,-10,0,0,0,0
20252,517,3660,2146,-20,0,0,0,0
20272,517,3652,2149,-7,0,0,0,0
20292,517,3640,2158,-5,0,0,0,0
20312,537,3549,2165,-3,0,0,0,0
20332,537,3545,2165,-3,0,0,0,0
20352,538,3545,2166,-1,0,0,0,0
20372,538,3545,2166,0,0,0,0,0
20392,538,3552,2166,0,0,0,0,0
20412,551,3571,2125,-2,0,0,0,0
20453,551,3662,2118,-2,0,0,0,0
20473,551,3671,2108,0,0,0,0,0
20493,554,3705,2089,0,0,0,0,0
20513,554,3762,2082,0,0,0,0,0
20533,563,3762,2082,0,0,0,0,0
20553,591,3770,2079,0,0,0,0,0
20573,616,3778,2079,0,0,0,0,0
20593,625,3783,2074,0,0,0,0,0
20613,635,3785,2072,0,0,0,0,0
20654,636,3785,2072,0,0,0,0,0
20674,636,3783,2060,0,0,0,0,0
20694,636,3783,2059,0,0,0,0,0
20714,612,3783,2072,0,0,0,0,0
20734,594,3783,2082,0,0,0,0,0
20754,537,3783,2059,0,0,0,0,0
20774,351,3782,2059,0,0,0,0,0
20794,345,3782,2054,0,0,0,0,0
20814,342,3779,2054,0,0,0,0,0
20855,342,3779,2054,0,0,0,0,0
20875,341,3779,2061,0,0,0,0,0
20895,342,3779,2078,0,0,0,0,0
20915,343,3779,2078,0,0,0,0,0
20935,343,3779,2078,0,0,0,0,0
20955,343,3779,2078,0,0,0,0,0
20975,344,3779,2079,0,0,0,0,0
20995,345,3779,2071,0,0,0,0,0
21015,345,3779,2062,0,0,0,0,0
21056,347,3770,2062,0,0,0,0,0
21076,347,3770,2059,0,0,0,0,0
21096,346,3770,2059,-1,0,0,0,0
21116,346,3780,2044,0,0,0,0,0
21136,346,3783,2044,0,0,0,0,0
21156,344,3806,2036,0,0,0,0,0
21176,319,3829,2028,0,0,0,0,0
21196,341,3839,2013,0,0,0,0,0
21216,344,3854,2012,-1,0,0,0,0
21257,341,3855,2009,0,0,0,0,0
21277,341,3855,2008,0,0,0,0,0
21297,342,3855,2006,-2,0,0,0,0
21317,342,3856,2005,-4,0,0,0,0
21337,341,3856,1983,-7,0,0,0,0
21357,342,3871,1983,-8,0,0,0,0
21377,343,3878,1982,-7,0,0,0,0
21397,343,3878,1982,-8,0,0,0,0
21417,344,3884,1972,-8,0,0,0,0
21458,353,3895,1958,-15,0,0,0,0
21478,364,3896,1953,-7,0,0,0,0
21498,393,3904,1914,-7,0,0,0,0
21518,418,3904,1904,-9,0,0,0,0
21538,436,3904,1904,-9,0,0,0,0
21558,466,3905,1904,-10,0,0,0,0
21578,539,3906,1892,-10,0,0,0,0
21598,593,3906,1892,-10,0,0,0,0
21618,617,3905,1892,-12,0,0,0,0
21659,634,3905,1889,-22,0,0,0,0
21679,709,3901,1526,-9,0,0,0,0
21699,819,1431,998,-9,0,0,0,0
21719,860,1250,988,-11,0,0,0,0
21739,918,1239,944,-11,0,0,0,0
21759,933,1213,937,-10,0,0,0,0
21779,976,1206,937,-9,0,0,0,0
21799,1032,1191,942,-8,0,0,0,0
21819,1055,1184,943,-7,0,0,0,0
21860,1100,1173,943,-14,0,0,0,0
21880,1130,1167,943,-7,0,0,0,0
21900,1188,1164,942,-8,0,0,0,0
21920,1204,1164,944,-7,0,0,0,0
21940,1253,1164,944,-8,0,0,0,0
21960,1306,1164,939,-8,0,0,0,0
21980,1338,1180,939,-8,0,0,0,0
22000,1373,1184,940,-8,0,0,0,0
22020,1419,1187,939,-7,0,0,0,0
22061,1526,1187,939,-10,0,0,0,0
22081,1606,1187,939,-3,0,0,0,0
22101,1694,1184,940,-1,0,0,0,0
22121,1787,1188,938,0,0,0,0,0
22141,1835,1188,917,0,0,0,0,0
22161,1881,1187,920,0,0,0,0,0
22181,1925,1188,920,-1,0,0,0,0
22201,1928,1192,917,-2,0,0,0,0
22221,1928,1576,917,-1,0,0,0,0
22262,1928,1585,901,-3,0,0,0,0
22282,1887,1681,901,-2,0,0,0,0
22302,1665,1943,901,-1,0,0,0,0
22322,1499,1944,1054,0,0,0,0,0
22342,1362,2788,1073,-2,0,0,0,0
22362,1105,2803,1480,-1,0,0,0,0
22382,908,3000,1485,0,0,0,0,0
22402,612,3003,1485,0,0,0,0,0
22422,612,3005,1480,0,0,0,0,0
22463,611,3003,1478,0,0,0,0,0
22483,612,3003,1134,0,0,0,0,0
22503,612,2957,753,0,0,0,0,0
22523,611,2913,743,0,0,0,0,0
22543,611,2911,726,0,0,0,0,0
22563,608,2871,726,-2,0,0,0,0
22583,608,2870,724,-3,0,0,0,0
22603,595,2867,724,-4,0,0,0,0
22623,587,2867,726,-8,0,0,0,0
22664,561,2867,738,-24,0,0,0,0
22684,561,2867,750,-15,0,0,0,0
22704,561,2867,796,-18,0,0,0,0
22724,563,2847,796,-20,0,0,0,0
22744,587,2846,869,-21,0,0,0,0
22764,640,2846,869,-22,0,0,0,0
22784,658,2846,1284,-24,0,0,0,0
22804,683,2845,1286,-24,0,0,0,0
22824,813,2834,1286,-24,0,0,0,0
22865,860,2802,1284,-46,0,0,0,0
22885,933,2791,1018,-16,0,0,0,0
22905,1162,2749,1018,-13,0,0,0,0
22925,1259,2733,1018,-12,0,0,0,0
22945,1305,2716,1062,-10,0,0,0,0
22965,1376,2713,1065,-6,0,0,0,0
22985,1524,2710,1087,-4,0,0,0,0
23005,1573,2705,1088,-1,0,0,0,0
23025,1596,2674,1092,-1,0,0,0,0
23066,1654,2674,1110,0,0,0,0,0
23086,1663,2664,1111,0,0,0,0,0
23106,1666,2663,1113,0,0,0,0,0
23126,1674,2663,1111,0,0,0,0,0
23146,1666,2663,1110,0,0,0,0,0
23166,1665,2662,1109,0,0,0,0,0
23186,1666,2660,1109,0,0,0,0,0
23206,1666,2660,1099,0,0,0,0,0
23226,1665,2660,1099,0,0,0,0,0
23267,1666,2664,1107,0,0,0,0,0
23287,1666,2664,1099,0,0,0,0,0
23307,1666,2664,1087,0,0,0,0,0
23327,1664,2658,1084,0,0,0,0,0
23347,1666,2647,1085,0,0,0,0,0
23367,1670,2647,1085,0,0,0,0,0
23387,1670,2647,1085,0,0,0,0,0
23407,1667,2651,1091,0,0,0,0,0
23427,1667,2656,1091,0,0,0,0,0
23468,1666,2656,1107,-1,0,0,0,0
23488,1664,2656,1099,0,0,0,0,0
23508,1664,2653,1091,0,0,0,0,0
23528,1649,2645,1091,0,0,0,0,0
23548,1641,2644,1091,0,0,0,0,0
23568,1644,2616,1089,0,0,0,0,0
23588,1644,2616,1088,-1,0,0,0,0
23608,1644,2611,1089,-2,0,0,0,0
23628,1645,2611,1088,-2,0,0,0,0
23669,1645,2611,1087,-8,0,0,0,0
23689,1645,2586,1086,-5,0,0,0,0
23709,1641,2514,1087,-5,0,0,0,0
23729,1601,2346,1087,-2,0,0,0,0
23749,1556,2342,1235,-1,0,0,0,0
23769,1363,2115,1242,-2,0,0,0,0
23789,1286,2113,1543,-6,0,0,0,0
23809,1170,2113,1548,-9,0,0,0,0
23829,1071,2115,1961,-12,0,0,0,0
23870,810,2483,1966,-32,0,0,0,0
23890,790,2484,2335,-18,0,0,0,0
23910,790,2685,2509,-19,0,0,0,0
23930,790,2773,2513,-20,0,0,0,0
23950,790,2780,2648,-21,0,0,0,0
23970,790,2780,2650,-22,0,0,0,0
23990,865,2773,2732,-20,0,0,0,0
24010,1027,2734,2733,-18,0,0,0,0
24030,1162,2724,2895,-17,0,0,0,0
24071,1236,2667,2899,-24,0,0,0,0
24091,1378,2661,2986,-5,0,0,0,0
24111,1689,2572,3106,-3,0,0,0,0
24131,1786,2571,3109,-2,0,0,0,0
24151,1830,2510,3168,0,0,0,0,0
24171,1898,2496,3218,0,0,0,0,0
24191,1899,2436,3219,0,0,0,0,0
24211,1910,2435,3234,0,0,0,0,0
24231,1921,2433,3234,0,0,0,0,0
24272,1922,2423,3234,0,0,0,0,0
24292,1923,2406,3228,0,0,0,0,0
24312,1933,2406,3228,0,0,0,0,0
24332,1933,2406,3224,0,0,0,0,0
24352,1944,2415,3217,0,0,0,0,0
24372,1944,2427,3217,0,0,0,0,0
24392,1933,2430,3224,0,0,0,0,0
24412,1944,2430,3218,0,0,0,0,0
24432,1925,2430,3234,0,0,0,0,0
24473,1925,2433,3234,0,0,0,0,0
24493,1922,2433,3232,0,0,0,0,0
24513,1938,2431,3231,0,0,0,0,0
24533,1923,2417,3232,0,0,0,0,0
24553,1923,2415,3232,-1,0,0,0,0
24573,1923,2411,3235,0,0,0,0,0
24593,1923,2411,3235,0,0,0,0,0
24613,1923,2415,3241,0,0,0,0,0
24633,1919,2423,3237,0,0,0,0,0
24674,1923,2423,3241,-1,0,0,0,0
24694,1923,2423,3245,0,0,0,0,0
24714,1923,2407,3253,0,0,0,0,0
24734,1920,2405,3260,0,0,0,0,0
24754,1923,2404,3261,-1,0,0,0,0
24774,1923,2404,3262,-1,0,0,0,0
24794,1923,2405,3261,-3,0,0,0,0
24814,1923,2409,3261,-2,0,0,0,0
24834,1937,2419,3238,-4,0,0,0,0
24875,1944,2441,3236,-12,0,0,0,0
24895,1987,2449,3197,-7,0,0,0,0
24915,1987,2471,3107,-9,0,0,0,0
24935,1987,2528,3106,-10,0,0,0,0
24955,1946,2530,2993,-11,0,0,0,0
24975,1856,2604,2984,-13,0,0,0,0
24995,1799,2621,2661,-13,0,0,0,0
25015,1711,2622,2638,-13,0,0,0,0
25035,1666,2632,2566,-14,0,0,0,0
25076,1666,2632,2566,-29,0,0,0,0
25096,1666,2622,2566,-11,0,0,0,0
25116,2390,2085,2566,-11,0,0,0,0
25136,2390,1532,2566,-11,0,0,0,0
25156,2390,1527,2522,-9,0,0,0,0
25176,2342,1081,2512,-10,0,0,0,0
25196,2139,1081,2183,-11,0,0,0,0
25216,1975,1081,2169,-10,0,0,0,0
25236,1764,1081,2169,-10,0,0,0,0
25277,1546,1074,2169,-20,0,0,0,0
25297,1076,1019,2357,-7,0,0,0,0
25317,884,1019,2622,-7,0,0,0,0
25337,539,1019,2627,-4,0,0,0,0
25357,518,2931,2640,-1,0,0,0,0
25377,513,2935,2640,0,0,0,0,0
25397,513,3314,2640,-1,0,0,0,0
25417,511,3315,2430,0,0,0,0,0
25437,500,3554,2421,0,0,0,0,0
25478,496,3564,2342,0,0,0,0,0
25498,490,3588,2329,0,0,0,0,0
25518,490,3591,2328,-1,0,0,0,0
25538,490,3591,2326,-1,0,0,0,0
25558,490,3588,2328,-1,0,0,0,0
25578,504,3578,2328,-2,0,0,0,0
25598,514,3570,2328,-3,0,0,0,0
25618,514,3559,2351,-3,0,0,0,0
25638,514,3500,2366,-3,0,0,0,0
25679,512,3485,2366,-6,0,0,0,0
25699,512,3446,2368,-2,0,0,0,0
25719,512,3386,2371,0,0,0,0,0
25739,512,3382,2414,0,0,0,0,0
25759,513,3380,2424,0,0,0,0,0
25779,513,3361,2424,-1,0,0,0,0
25799,513,3355,2424,-2,0,0,0,0
25819,512,3352,2424,-3,0,0,0,0
25839,513,3352,2406,-4,0,0,0,0
25880,513,3352,2403,-14,0,0,0,0
25900,515,3355,2401,-9,0,0,0,0
25920,534,3400,2397,-11,0,0,0,0
25940,537,3407,2397,-10,0,0,0,0
25960,563,3417,2399,-11,0,0,0,0
25980,588,3485,2399,-9,0,0,0,0
26000,591,3485,2397,-10,0,0,0,0
26020,610,3506,2387,-11,0,0,0,0
26040,621,3508,2328,-10,0,0,0,0
26081,660,3508,2328,-22,0,0,0,0
26101,686,3506,2264,-10,0,0,0,0
26121,812,979,2171,-13,0,0,0,0
26141,885,974,2168,-13,0,0,0,0
26161,940,965,2057,-12,0,0,0,0
26181,958,897,2053,-11,0,0,0,0
26201,1011,895,1918,-8,0,0,0,0
26221,1080,797,1907,-7,0,0,0,0
26241,1137,784,1868,-7,0,0,0,0
26282,1140,784,1868,-10,0,0,0,0
26302,1195,797,1866,-3,0,0,0,0
26322,1349,941,1842,-3,0,0,0,0
26342,1374,950,1839,-1,0,0,0,0
26362,1495,950,1839,-1,0,0,0,0
26382,1558,941,1826,0,0,0,0,0
26402,1569,940,1823,0,0,0,0,0
26422,1569,940,1818,0,0,0,0,0
26442,1569,940,1799,0,0,0,0,0
26483,1569,942,1799,0,0,0,0,0
26503,1569,965,1799,0,0,0,0,0
26523,1564,968,1798,0,0,0,0,0
26543,1569,970,1798,0,0,0,0,0
26563,1571,970,1797,0,0,0,0,0
26583,1574,970,1797,0,0,0,0,0
26603,1571,970,1798,0,0,0,0,0
26623,1574,970,1794,0,0,0,0,0
26643,1574,943,1794,0,0,0,0,0
26684,1573,943,1793,0,0,0,0,0
26704,1572,943,1793,0,0,0,0,0
26724,1573,944,1793,0,0,0,0,0
26744,1572,954,1796,0,0,0,0,0
26764,1573,967,1797,0,0,0,0,0
26784,1576,972,1803,0,0,0,0,0
26804,1576,973,1797,0,0,0,0,0
26824,1580,976,1797,0,0,0,0,0
26844,1582,976,1797,0,0,0,0,0
26885,1582,973,1796,0,0,0,0,0
26905,1582,970,1796,0,0,0,0,0
26925,1577,964,1803,0,0,0,0,0
26945,1577,964,1817,0,0,0,0,0
26965,1574,964,1819,0,0,0,0,0
26985,1573,966,1822,0,0,0,0,0
27005,1573,967,1822,0,0,0,0,0
27025,1573,967,1819,0,0,0,0,0
27045,1573,967,1813,0,0,0,0,0
27086,1573,967,1801,0,0,0,0,0
27106,1572,967,1801,0,0,0,0,0
27126,1571,968,1801,0,0,0,0,0
27146,1571,968,1818,0,0,0,0,0
27166,1571,969,1818,0,0,0,0,0
27186,1572,971,1818,0,0,0,0,0
27206,1573,971,1812,0,0,0,0,0
27226,1574,974,1796,0,0,0,0,0
27246,1574,974,1796,0,0,0,0,0
27287,1574,969,1796,0,0,0,0,0
27307,1574,964,1796,-1,0,0,0,0
27327,1574,938,1797,0,0,0,0,0
27347,1576,896,1798,0,0,0,0,0
27367,1577,888,1798,0,0,0,0,0
27387,1576,877,1811,0,0,0,0,0
27407,1576,877,1814,0,0,0,0,0
27427,1575,877,1815,-1,0,0,0,0
27447,1575,884,1815,-4,0,0,0,0
27488,1572,895,1815,-15,0,0,0,0
27508,1572,896,1791,-12,0,0,0,0
27528,1552,896,1739,-14,0,0,0,0
27548,1496,896,1725,-16,0,0,0,0
27568,1473,1063,1719,-18,0,0,0,0
27588,1376,1066,1719,-18,0,0,0,0
27608,1258,1068,1719,-19,0,0,0,0
27628,957,1077,1719,-17,0,0,0,0
27648,812,1077,2447,-17,0,0,0,0
27689,718,1077,2450,-30,0,0,0,0
27709,718,1077,2705,-12,0,0,0,0
27729,568,1077,2805,-12,0,0,0,0
27749,562,956,2805,-11,0,0,0,0
27769,416,627,2805,-12,0,0,0,0
27789,416,623,2759,-13,0,0,0,0
27809,416,623,2759,-15,0,0,0,0
27829,413,623,2759,-16,0,0,0,0
27849,413,694,2759,-18,0,0,0,0
27890,413,696,2759,-38,0,0,0,0
27910,420,697,2769,-19,0,0,0,0
27930,425,696,2773,-18,0,0,0,0
27950,439,696,2773,-18,0,0,0,0
27970,462,695,2773,-19,0,0,0,0
27990,463,670,2773,-19,0,0,0,0
28010,487,669,2752,-20,0,0,0,0
28030,540,650,2738,-20,0,0,0,0
28050,606,646,2737,-20,0,0,0,0
28091,618,646,2033,-42,0,0,0,0
28111,658,650,2031,-22,0,0,0,0
28131,860,2337,1335,-22,0,0,0,0
28151,927,2674,1327,-19,0,0,0,0
28171,1114,2680,1311,-14,0,0,0,0
28191,1187,2680,1327,-11,0,0,0,0
28211,1301,2674,1327,-8,0,0,0,0
28231,1395,2663,1330,-7,0,0,0,0
28251,1473,2662,1334,-6,0,0,0,0
28292,1645,2662,1356,-7,0,0,0,0
28312,1688,2663,1356,-2,0,0,0,0
28332,1814,2667,1356,-1,0,0,0,0
28352,1832,2667,1356,0,0,0,0,0
28372,1861,2667,1356,0,0,0,0,0
28392,1861,2647,1355,0,0,0,0,0
28412,1863,2645,1356,0,0,0,0,0
28432,1862,2645,1356,0,0,0,0,0
28452,1863,2645,1356,0,0,0,0,0
28493,1862,2646,1357,0,0,0,0,0
28513,1862,2646,1357,0,0,0,0,0
28533,1862,2646,1357,0,0,0,0,0
28553,1862,2639,1357,0,0,0,0,0
28573,1859,2639,1356,0,0,0,0,0
28593,1855,2639,1343,0,0,0,0,0
28613,1858,2639,1338,0,0,0,0,0
28633,1858,2640,1338,0,0,0,0,0
28653,1855,2647,1332,0,0,0,0,0
28694,1855,2647,1338,0,0,0,0,0
28714,1858,2647,1344,0,0,0,0,0
28734,1857,2647,1344,0,0,0,0,0
28754,1855,2635,1327,0,0,0,0,0
28774,1857,2635,921,0,0,0,0,0
28794,1857,2638,909,0,0,0,0,0
28814,1857,2638,704,0,0,0,0,0
28834,1857,2639,704,0,0,0,0,0
28854,1857,2646,703,0,0,0,0,0
28895,1853,2646,702,0,0,0,0,0
28915,1853,2650,704,0,0,0,0,0
28935,1859,2655,702,0,0,0,0,0
28955,1859,2665,702,0,0,0,0,0
28975,1859,2650,702,0,0,0,0,0
28995,1859,2650,700,0,0,0,0,0
29015,1858,2641,699,0,0,0,0,0
29035,1855,2641,700,0,0,0,0,0
29055,1854,2641,699,0,0,0,0,0
29096,1854,2641,677,0,0,0,0,0
29116,1854,2641,677,0,0,0,0,0
29136,1853,2639,677,0,0,0,0,0
29156,1853,2639,676,0,0,0,0,0
29176,1857,2639,676,0,0,0,0,0
29196,1857,2639,676,0,0,0,0,0
29216,1857,2641,678,0,0,0,0,0
29236,1857,2651,678,0,0,0,0,0
29256,1859,2660,678,0,0,0,0,0
29297,1859,2660,699,0,0,0,0,0
29317,1859,2659,699,0,0,0,0,0
29337,1859,2659,699,0,0,0,0,0
29357,1861,2641,705,-1,0,0,0,0
29377,1875,2640,705,0,0,0,0,0
29397,1879,2640,705,0,0,0,0,0
29417,1879,2640,701,0,0,0,0,0
29437,1879,2664,701,0,0,0,0,0
29457,1879,2665,695,0,0,0,0,0
29498,1879,2665,701,-1,0,0,0,0
29518,1892,2664,701,-2,0,0,0,0
29538,1894,2660,687,-3,0,0,0,0
29558,1904,2645,687,-4,0,0,0,0
29578,1914,2642,698,-4,0,0,0,0
29598,2022,2639,698,-5,0,0,0,0
29618,2060,2639,698,-6,0,0,0,0
29638,2122,2640,698,-5,0,0,0,0
29658,2220,2635,698,-4,0,0,0,0
29699,2515,2635,698,-3,0,0,0,0
29719,2654,2574,697,0,0,0,0,0
29739,3010,2434,697,-2,0,0,0,0
29759,3010,2427,697,-1,0,0,0,0
29779,3010,2427,1184,0,0,0,0,0
29799,2942,2427,1194,-2,0,0,0,0
29819,2720,3381,1256,-4,0,0,0,0
29839,618,3384,1264,-8,0,0,0,0
29859,584,3903,1632,-11,0,0,0,0
29900,520,3903,1677,-31,0,0,0,0
29920,520,3903,1896,-16,0,0,0,0
29940,343,2954,2036,-18,0,0,0,0
29960,343,2936,2052,-17,0,0,0,0
29980,343,1216,2101,-19,0,0,0,0
30000,368,1210,2107,-20,0,0,0,0
30020,368,1210,2196,-21,0,0,0,0
30040,391,1210,2203,-24,0,0,0,0
30060,414,1069,2281,-25,0,0,0,0
30101,426,1066,2287,-58,0,0,0,0
30121,443,1021,2290,-28,0,0,0,0
30141,489,321,2355,-30,0,0,0,0
30161,514,321,2411,-30,0,0,0,0
30181,537,321,2419,-30,0,0,0,0
30201,595,1039,2533,-29,0,0,0,0
30221,663,1050,2535,-29,0,0,0,0
30241,718,1090,2639,-28,0,0,0,0
30261,761,1101,2640,-27,0,0,0,0
30302,785,1101,2782,-54,0,0,0,0
30322,936,1090,2792,-22,0,0,0,0
30342,1077,1040,2896,-20,0,0,0,0
30362,1139,1022,2964,-18,0,0,0,0
30382,1331,1022,2964,-16,0,0,0,0
30402,1426,1017,2964,-12,0,0,0,0
30422,1503,1017,2963,-9,0,0,0,0
30442,1592,1022,2915,-5,0,0,0,0
30462,1737,1043,2912,-4,0,0,0,0
30503,1784,1043,2845,-3,0,0,0,0
30523,1808,1043,2844,-1,0,0,0,0
30543,1853,1043,2832,-3,0,0,0,0
30563,1854,1043,2808,-4,0,0,0,0
30583,1856,1037,2807,-8,0,0,0,0
30603,1854,1022,2695,-11,0,0,0,0
30623,1853,1022,2687,-15,0,0,0,0
30643,1811,1022,2520,-16,0,0,0,0
30663,1792,1030,2515,-16,0,0,0,0
30704,1733,1232,2515,-25,0,0,0,0
30724,1428,1238,2217,-8,0,0,0,0
30744,972,1497,2217,-7,0,0,0,0
30764,858,1507,2217,-8,0,0,0,0
30784,706,2172,2929,-9,0,0,0,0
30804,706,2202,2936,-9,0,0,0,0
30824,706,2637,2936,-13,0,0,0,0
30844,735,2637,2929,-14,0,0,0,0
30864,786,2934,2719,-17,0,0,0,0
30905,820,2938,2705,-32,0,0,0,0
30925,867,3076,2537,-10,0,0,0,0
30945,981,3110,2434,-11,0,0,0,0
30965,1028,3112,2434,-10,0,0,0,0
30985,1073,3113,2434,-10,0,0,0,0
31005,1161,3112,2443,-9,0,0,0,0
31025,1221,3113,2444,-8,0,0,0,0
31045,1231,3125,2444,-9,0,0,0,0
31065,1288,3154,2444,-9,0,0,0,0
31106,1362,3173,2438,-17,0,0,0,0
31126,1451,3182,2380,-7,0,0,0,0
31146,1547,3216,2358,-7,0,0,0,0
31166,1690,3233,2339,-5,0,0,0,0
31186,1737,3270,2334,-4,0,0,0,0
31206,1798,3274,2334,-3,0,0,0,0
31226,1846,3276,2334,-2,0,0,0,0
31246,1976,3282,2334,-1,0,0,0,0
31266,2037,3287,2343,-1,0,0,0,0
31307,2076,3287,2375,0,0,0,0,0
31327,2122,3282,2375,0,0,0,0,0
31347,2344,3243,2419,-1,0,0,0,0
31367,2416,3168,2487,0,0,0,0,0
31387,2490,3160,2493,-1,0,0,0,0
31407,2594,2988,2580,-1,0,0,0,0
31427,2635,2972,2592,-3,0,0,0,0
31447,2635,2646,2783,-3,0,0,0,0
31467,2635,2644,2787,-4,0,0,0,0
31508,2480,2644,2905,-8,0,0,0,0
31528,2286,2644,2905,-6,0,0,0,0
31548,2179,3218,2905,-9,0,0,0,0
31568,2179,3613,2672,-9,0,0,0,0
31588,2179,3613,2671,-11,0,0,0,0
31608,2319,3613,1915,-13,0,0,0,0
31628,2396,3612,1905,-12,0,0,0,0
31648,2593,3361,1042,-10,0,0,0,0
31668,2593,3354,1042,-11,0,0,0,0
31709,2593,2944,1039,-22,0,0,0,0
31729,2578,2940,1039,-10,0,0,0,0
31749,1997,2618,962,-8,0,0,0,0
31769,1780,2616,946,-9,0,0,0,0
31789,1549,2616,941,-8,0,0,0,0
31809,1186,2618,941,-9,0,0,0,0
31829,980,2774,941,-10,0,0,0,0
31849,680,2783,2099,-10,0,0,0,0
31869,593,2783,2102,-11,0,0,0,0
31910,540,2783,2113,-22,0,0,0,0
31930,516,2683,2755,-8,0,0,0,0
31950,514,2430,3207,-9,0,0,0,0
31970,491,2430,3220,-7,0,0,0,0
31990,485,2109,3421,-7,0,0,0,0
32010,436,2106,3427,-6,0,0,0,0
32030,367,1915,3492,-5,0,0,0,0
32050,196,1913,3495,-4,0,0,0,0
32070,196,1787,3513,-2,0,0,0,0
32111,196,1778,3513,0,0,0,0,0
32131,465,1665,3513,0,0,0,0,0
32151,490,1653,3501,0,0,0,0,0
32171,490,1651,3501,0,0,0,0,0
32191,490,1651,3501,0,0,0,0,0
32211,416,1651,3502,0,0,0,0,0
32231,365,1652,3516,0,0,0,0,0
32251,266,1652,3518,0,0,0,0,0
32271,145,1672,3553,0,0,0,0,0
32312,122,1677,3560,0,0,0,0,0
32332,122,1691,3588,0,0,0,0,0
32352,145,1694,3606,0,0,0,0,0
32372,122,1698,3606,0,0,0,0,0
32392,122,1696,3607,0,0,0,0,0
32412,146,1696,3604,0,0,0,0,0
32432,166,1698,3604,0,0,0,0,0
32452,166,1721,3603,0,0,0,0,0
32472,166,1750,3593,0,0,0,0,0
32513,166,1751,3593,0,0,0,0,0
32533,155,1751,3603,0,0,0,0,0
32553,155,1751,3598,0,0,0,0,0
32573,155,1751,3599,0,0,0,0,0
32593,155,1751,3601,0,0,0,0,0
32613,168,1753,3599,0,0,0,0,0
32633,168,1753,3598,0,0,0,0,0
32653,168,1754,3599,0,0,0,0,0
32673,165,1754,3601,0,0,0,0,0
32714,169,1753,3608,0,0,0,0,0
32734,165,1754,3608,0,0,0,0,0
32754,165,1752,3608,0,0,0,0,0
32774,165,1752,3595,0,0,0,0,0
32794,171,1752,3581,-1,0,0,0,0
32814,178,1755,3581,-2,0,0,0,0
32834,194,1765,3580,-4,0,0,0,0
32854,195,1798,3586,-6,0,0,0,0
32874,321,1805,3578,-8,0,0,0,0
32915,446,1806,3578,-19,0,0,0,0
32935,465,1872,3578,-10,0,0,0,0
32955,484,2011,3584,-11,0,0,0,0
32975,562,2011,3584,-12,0,0,0,0
32995,564,2108,3590,-11,0,0,0,0
33015,569,2116,3593,-11,0,0,0,0
33035,591,2120,3643,-11,0,0,0,0
33055,668,2143,3645,-11,0,0,0,0
33075,685,2143,3760,-11,0,0,0,0
33116,717,2120,3760,-26,0,0,0,0
33136,762,2112,3760,-11,0,0,0,0
33156,883,2012,1126,-14,0,0,0,0
33176,939,2007,1126,-15,0,0,0,0
33196,982,1891,1110,-16,0,0,0,0
33216,1129,1890,1110,-15,0,0,0,0
33236,1187,1779,1126,-15,0,0,0,0
33256,1281,1778,1129,-14,0,0,0,0
33276,1339,1613,1110,-14,0,0,0,0
33317,1499,1613,1110,-25,0,0,0,0
33337,1596,1613,1109,-7,0,0,0,0
33357,1808,1938,1042,-4,0,0,0,0
33377,1975,1943,1032,-2,0,0,0,0
33397,1975,1975,1032,-1,0,0,0,0
33417,1975,1988,1032,-2,0,0,0,0
33437,1968,1992,1142,-3,0,0,0,0
33457,1743,2340,1142,-2,0,0,0,0
33477,1551,2347,1164,0,0,0,0,0
33518,1353,2800,1142,-5,0,0,0,0
33538,1169,2814,1133,-3,0,0,0,0
33558,458,3113,947,-6,0,0,0,0
33578,318,3113,940,-8,0,0,0,0
33598,318,3113,940,-9,0,0,0,0
33618,318,3061,947,-9,0,0,0,0
33638,348,3046,983,-10,0,0,0,0
33658,348,2886,983,-11,0,0,0,0
33678,348,2880,983,-11,0,0,0,0
33719,345,2704,777,-17,0,0,0,0
33739,320,2703,748,-4,0,0,0,0
33759,320,2567,748,-2,0,0,0,0
33779,320,2451,748,-1,0,0,0,0
33799,365,2445,748,0,0,0,0,0
33819,532,2343,628,0,0,0,0,0
33839,836,2339,628,0,0,0,0,0
33859,870,2171,628,-1,0,0,0,0
33879,907,2163,633,0,0,0,0,0
33920,931,1809,1112,-1,0,0,0,0
33940,1351,1803,1114,-3,0,0,0,0
33960,1351,812,1417,-5,0,0,0,0
33980,1351,634,1728,-8,0,0,0,0
34000,1112,634,1735,-10,0,0,0,0
34020,1112,634,2002,-13,0,0,0,0
34040,909,915,2004,-13,0,0,0,0
34060,881,915,2239,-13,0,0,0,0
34080,544,968,2243,-14,0,0,0,0
34121,544,968,2401,-32,0,0,0,0
34141,544,3041,2402,-16,0,0,0,0
34161,789,3041,2553,-16,0,0,0,0
34181,956,3041,2678,-17,0,0,0,0
34201,956,3007,2699,-16,0,0,0,0
34221,956,3003,2701,-17,0,0,0,0
34241,774,2883,2806,-17,0,0,0,0
34261,735,2861,2814,-17,0,0,0,0
34281,707,2734,2865,-18,0,0,0,0
34322,679,2730,2886,-35,0,0,0,0
34342,679,2708,2981,-16,0,0,0,0
34362,679,2708,3063,-14,0,0,0,0
34382,693,2708,3064,-12,0,0,0,0
34402,766,2708,3064,-10,0,0,0,0
34422,830,2703,3063,-7,0,0,0,0
34442,833,1213,2721,-5,0,0,0,0
34462,858,1209,2716,-2,0,0,0,0
34482,878,575,2121,0,0,0,0,0
34523,878,567,2116,0,0,0,0,0
34543,878,523,1963,-2,0,0,0,0
34563,861,523,1963,-4,0,0,0,0
34583,839,523,1962,-7,0,0,0,0
34603,826,531,1963,-11,0,0,0,0
34623,785,591,1967,-14,0,0,0,0
34643,765,594,2045,-16,0,0,0,0
34663,742,1362,2061,-19,0,0,0,0
34683,715,1366,2826,-22,0,0,0,0
34724,662,2718,2840,-49,0,0,0,0
34744,644,2726,2959,-24,0,0,0,0
34764,638,2728,2965,-25,0,0,0,0
34784,565,2728,2965,-26,0,0,0,0
34804,540,2728,2959,-28,0,0,0,0
34824,465,2785,2853,-28,0,0,0,0
34844,424,2801,2851,-29,0,0,0,0
34864,417,2885,2787,-28,0,0,0,0
34884,393,2889,2787,-27,0,0,0,0
34925,393,2889,2787,-50,0,0,0,0
34945,393,2889,2787,-22,0,0,0,0
34965,393,2854,2787,-21,0,0,0,0
34985,393,2823,2782,-18,0,0,0,0
35005,344,2820,2781,-16,0,0,0,0
35025,344,2470,2680,-12,0,0,0,0
35045,342,2456,2665,-9,0,0,0,0
35065,342,919,1109,-6,0,0,0,0
35085,342,919,1109,-3,0,0,0,0
35126,342,919,1015,-7,0,0,0,0
35146,342,991,1015,-2,0,0,0,0
35166,365,1015,1015,0,0,0,0,0
35186,798,1015,1026,-1,0,0,0,0
35206,930,1015,1027,0,0,0,0,0
35226,1052,1014,1304,-1,0,0,0,0
35246,1052,968,1311,0,0,0,0,0
35266,1060,966,1642,-1,0,0,0,0
35286,1060,966,1642,-2,0,0,0,0
35327,1060,968,1642,-9,0,0,0,0
35347,856,1034,1628,-6,0,0,0,0
35367,836,2453,1352,-5,0,0,0,0
35387,766,2462,1145,-6,0,0,0,0
35407,367,2891,1138,-4,0,0,0,0
35427,367,2904,1130,-3,0,0,0,0
35447,367,3346,943,-1,0,0,0,0
35467,387,3352,939,0,0,0,0,0
35487,402,3656,649,0,0,0,0,0
35528,414,3672,649,-1,0,0,0,0
35548,417,3743,649,0,0,0,0,0
35568,417,3814,719,-1,0,0,0,0
35588,417,3819,723,0,0,0,0,0
35608,417,3822,867,-1,0,0,0,0
35628,417,3899,867,0,0,0,0,0
35648,413,3900,986,-1,0,0,0,0
35668,413,3903,987,-2,0,0,0,0
35688,392,3905,987,-2,0,0,0,0
35729,414,3905,986,-5,0,0,0,0
35749,414,3905,869,-3,0,0,0,0
35769,416,3905,852,-3,0,0,0,0
35789,420,3905,851,-4,0,0,0,0
35809,424,3905,849,-5,0,0,0,0
35829,420,3903,848,-6,0,0,0,0
35849,436,3902,848,-6,0,0,0,0
35869,438,3897,848,-6,0,0,0,0
35889,438,3897,872,-7,0,0,0,0
35930,438,3896,872,-16,0,0,0,0
35950,449,3881,872,-7,0,0,0,0
35970,492,3823,848,-7,0,0,0,0
35990,505,3723,845,-9,0,0,0,0
36010,514,3718,833,-9,0,0,0,0
36030,516,3567,824,-10,0,0,0,0
36050,533,3537,817,-10,0,0,0,0
36070,537,3430,776,-11,0,0,0,0
36090,539,3418,776,-11,0,0,0,0
36131,579,3295,776,-24,0,0,0,0
36151,611,3292,776,-12,0,0,0,0
36171,612,3214,936,-11,0,0,0,0
36191,635,3208,2419,-12,0,0,0,0
36211,665,3207,2434,-12,0,0,0,0
36231,714,3206,2518,-13,0,0,0,0
36251,738,1270,2518,-14,0,0,0,0
36271,773,1266,2518,-14,0,0,0,0
36291,836,1078,2510,-16,0,0,0,0
36332,901,1060,2488,-28,0,0,0,0
36352,940,999,2486,-12,0,0,0,0
36372,1080,906,2463,-10,0,0,0,0
36392,1135,889,2463,-9,0,0,0,0
36412,1162,817,2463,-7,0,0,0,0
36432,1209,816,2464,-9,0,0,0,0
36452,1308,769,2471,-9,0,0,0,0
36472,1355,769,2493,-8,0,0,0,0
36492,1409,755,2496,-6,0,0,0,0
36533,1455,748,2505,-10,0,0,0,0
36553,1549,743,2508,-2,0,0,0,0
36573,1637,724,2510,-2,0,0,0,0
36593,1689,724,2510,-2,0,0,0,0
36613,1690,723,2528,-1,0,0,0,0
36633,1736,724,2532,0,0,0,0,0
36653,1745,724,2532,0,0,0,0,0
36673,1760,723,2532,0,0,0,0,0
36693,1761,722,2533,0,0,0,0,0
36734,1761,721,2532,0,0,0,0,0
36754,1761,718,2532,0,0,0,0,0
36774,1760,698,2532,0,0,0,0,0
36794,1758,694,2536,0,0,0,0,0
36814,1757,694,2556,0,0,0,0,0
36834,1757,694,2556,0,0,0,0,0
36854,1758,709,2556,0,0,0,0,0
36874,1758,719,2557,0,0,0,0,0
36894,1759,719,2552,0,0,0,0,0
36935,1760,720,2545,0,0,0,0,0
36955,1760,719,2537,0,0,0,0,0
36975,1761,719,2536,0,0,0,0,0
36995,1761,719,2535,0,0,0,0,0
37015,1761,718,2536,0,0,0,0,0
37035,1763,718,2536,0,0,0,0,0
37055,1763,721,2552,0,0,0,0,0
37075,1760,721,2554,0,0,0,0,0
37095,1763,721,2554,0,0,0,0,0
37136,1764,721,2552,0,0,0,0,0
37156,1764,721,2540,0,0,0,0,0
37176,1764,721,2540,0,0,0,0,0
37196,1770,722,2540,0,0,0,0,0
37216,1764,722,2544,0,0,0,0,0
37236,1761,722,2544,0,0,0,0,0
37256,1762,716,2544,0,0,0,0,0
37276,1762,705,2546,0,0,0,0,0
37296,1762,705,2533,0,0,0,0,0
37337,1763,705,2533,0,0,0,0,0
37357,1763,719,2534,0,0,0,0,0
37377,1765,729,2534,0,0,0,0,0
37397,1765,729,2533,0,0,0,0,0
37417,1765,728,2534,0,0,0,0,0
37437,1761,721,2534,0,0,0,0,0
37457,1760,721,2536,0,0,0,0,0
37477,1758,721,2536,0,0,0,0,0
37497,1760,721,2536,0,0,0,0,0
37538,1760,718,2536,0,0,0,0,0
37558,1755,718,2540,0,0,0,0,0
37578,1759,718,2533,0,0,0,0,0
37598,1760,718,2540,0,0,0,0,0
37618,1759,718,2540,0,0,0,0,0
37638,1754,719,2540,0,0,0,0,0
37658,1759,720,2532,0,0,0,0,0
37678,1760,720,2538,0,0,0,0,0
37698,1754,722,2534,0,0,0,0,0
37739,1751,722,2538,0,0,0,0,0
37759,1740,722,2538,-1,0,0,0,0
37779,1739,719,2538,-1,0,0,0,0
37799,1739,719,2538,0,0,0,0,0
37819,1739,719,2558,-1,0,0,0,0
37839,1739,719,2565,0,0,0,0,0
37859,1740,719,2565,0,0,0,0,0
37879,1741,720,2578,0,0,0,0,0
37899,1755,720,2579,0,0,0,0,0
37940,1755,720,2578,0,0,0,0,0
37960,1741,719,2578,0,0,0,0,0
37980,1738,719,2579,0,0,0,0,0
38000,1738,712,2579,0,0,0,0,0
38020,1738,709,2580,0,0,0,0,0
38040,1738,717,2580,0,0,0,0,0
38060,1738,717,2580,0,0,0,0,0
38080,1737,717,2580,0,0,0,0,0
38100,1736,718,2580,0,0,0,0,0
38141,1736,718,2578,0,0,0,0,0
38161,1736,719,2578,0,0,0,0,0
38181,1736,719,2575,0,0,0,0,0
38201,1736,719,2569,0,0,0,0,0
38221,1736,719,2560,-1,0,0,0,0
38241,1736,722,2559,-2,0,0,0,0
38261,1736,722,2559,-3,0,0,0,0
38281,1736,723,2554,-4,0,0,0,0
38301,1715,722,2496,-4,0,0,0,0
38342,1714,723,2490,-12,0,0,0,0
38362,1709,723,2490,-8,0,0,0,0
38382,1689,841,2376,-9,0,0,0,0
38402,1619,940,2277,-11,0,0,0,0
38422,1607,940,2264,-12,0,0,0,0
38442,1549,940,2077,-12,0,0,0,0
38462,1474,940,2070,-12,0,0,0,0
38482,1283,940,1989,-14,0,0,0,0
38502,364,1283,1986,-13,0,0,0,0
38543,364,1300,1986,-28,0,0,0,0
38563,364,1524,1989,-13,0,0,0,0
38583,465,1838,2415,-13,0,0,0,0
38603,486,1847,2665,-11,0,0,0,0
38623,514,2050,2675,-11,0,0,0,0
38643,514,2061,2780,-11,0,0,0,0
38663,486,2219,2784,-11,0,0,0,0
38683,439,2221,2855,-10,0,0,0,0
38703,250,2359,2856,-10,0,0,0,0
38744,250,2373,2867,-22,0,0,0,0
38764,250,2502,2867,-9,0,0,0,0
38784,294,2592,2867,-9,0,0,0,0
38804,319,2599,2811,-7,0,0,0,0
38824,343,2728,2800,-6,0,0,0,0
38844,362,2731,1611,-5,0,0,0,0
38864,365,2832,1607,-5,0,0,0,0
38884,367,2848,1405,-3,0,0,0,0
38904,385,2866,1399,-3,0,0,0,0
38945,387,2870,995,-1,0,0,0,0
38965,388,2873,990,0,0,0,0,0
38985,388,2901,751,0,0,0,0,0
39005,415,2908,747,0,0,0,0,0
39025,415,2910,714,0,0,0,0,0
39045,411,2910,700,0,0,0,0,0
39065,415,2912,700,0,0,0,0,0
39085,411,2912,714,0,0,0,0,0
39105,411,2912,724,0,0,0,0,0
39146,392,2911,724,0,0,0,0,0
39166,392,2911,724,0,0,0,0,0
39186,392,2911,724,0,0,0,0,0
39206,392,2911,723,0,0,0,0,0
39226,391,2909,720,0,0,0,0,0
39246,390,2913,720,0,0,0,0,0
39266,388,2914,720,0,0,0,0,0
39286,388,2909,723,0,0,0,0,0
39306,390,2909,868,0,0,0,0,0
39347,391,2880,871,0,0,0,0,0
39367,396,2880,896,0,0,0,0,0
39387,396,2878,901,0,0,0,0,0
39407,391,2872,907,0,0,0,0,0
39427,391,2872,911,0,0,0,0,0
39447,395,2879,911,0,0,0,0,0
39467,391,2872,911,0,0,0,0,0
39487,395,2876,903,0,0,0,0,0
39507,395,2876,897,0,0,0,0,0
39548,392,2868,895,0,0,0,0,0
39568,392,2866,895,0,0,0,0,0
39588,392,2866,893,0,0,0,0,0
39608,390,2866,892,0,0,0,0,0
39628,391,2866,892,0,0,0,0,0
39648,391,2865,892,0,0,0,0,0
39668,391,2866,893,0,0,0,0,0
39688,391,2866,893,0,0,0,0,0
39708,391,2867,893,0,0,0,0,0
39749,390,2865,892,0,0,0,0,0
39769,388,2867,890,0,0,0,0,0
39789,388,2867,890,0,0,0,0,0
39809,390,2867,892,0,0,0,0,0
39829,388,2877,892,0,0,0,0,0
39849,390,2884,893,0,0,0,0,0
39869,390,2897,893,0,0,0,0,0
39889,390,2897,893,0,0,0,0,0
39909,389,2897,893,0,0,0,0,0
39950,390,2892,892,0,0,0,0,0
39970,390,2871,892,0,0,0,0,0
39990,390,2871,892,0,0,0,0,0
40010,390,2871,892,0,0,0,0,0
40030,391,2871,893,0,0,0,0,0
40050,391,2871,893,0,0,0,0,0
40070,389,2872,893,0,0,0,0,0
40090,389,2872,893,0,0,0,0,0
40110,389,2872,893,0,0,0,0,0
40151,389,2869,892,0,0,0,0,0
40171,389,2868,890,0,0,0,0,0
40191,393,2866,891,0,0,0,0,0
40211,393,2867,891,0,0,0,0,0
40231,389,2867,890,0,0,0,0,0
40251,391,2867,891,0,0,0,0,0
40271,391,2869,892,0,0,0,0,0
40291,389,2869,892,0,0,0,0,0
40311,391,2874,892,0,0,0,0,0
40352,396,2876,893,0,0,0,0,0
40372,396,2874,894,0,0,0,0,0
40392,396,2872,894,0,0,0,0,0
40412,396,2872,894,0,0,0,0,0
40432,392,2872,893,0,0,0,0,0
40452,392,2872,891,0,0,0,0,0
40472,392,2869,891,0,0,0,0,0
40492,392,2872,891,0,0,0,0,0
40512,392,2869,896,0,0,0,0,0
40553,395,2873,899,0,0,0,0,0
40573,395,2872,899,0,0,0,0,0
40593,395,2872,896,0,0,0,0,0
40613,392,2869,896,0,0,0,0,0
40633,392,2872,898,0,0,0,0,0
40653,392,2872,896,0,0,0,0,0
40673,392,2869,898,-1,0,0,0,0
40693,390,2869,902,-1,0,0,0,0
40713,390,2869,913,-1,0,0,0,0
40754,388,2867,918,0,0,0,0,0
40774,388,2865,922,0,0,0,0,0
40794,388,2848,1014,0,0,0,0,0
40814,388,2848,1056,0,0,0,0,0
40834,388,2847,1058,0,0,0,0,0
40854,388,2847,1062,0,0,0,0,0
40874,366,2847,1062,0,0,0,0,0
40894,366,2845,1063,0,0,0,0,0
40914,388,2847,1086,0,0,0,0,0
40955,390,2857,1086,0,0,0,0,0
40975,390,2857,1086,0,0,0,0,0
40995,392,2857,1087,0,0,0,0,0
41015,398,2857,1088,0,0,0,0,0
41035,393,2857,1097,0,0,0,0,0
41055,393,2854,1097,0,0,0,0,0
41075,395,2854,1088,0,0,0,0,0
41095,395,2854,1105,0,0,0,0,0
41115,393,2854,1087,0,0,0,0,0
41156,392,2850,1085,-1,0,0,0,0
41176,387,2850,1085,-2,0,0,0,0
41196,387,2849,1064,-3,0,0,0,0
41216,367,2848,1064,-4,0,0,0,0
41236,387,2845,1064,-5,0,0,0,0
41256,388,2831,1150,-6,0,0,0,0
41276,389,2806,1173,-8,0,0,0,0
41296,389,2797,1257,-8,0,0,0,0
41316,393,2797,1257,-9,0,0,0,0
41357,398,2797,1257,-21,0,0,0,0
41377,400,2797,953,-11,0,0,0,0
41397,400,2796,612,-12,0,0,0,0
41417,415,2793,602,-13,0,0,0,0
41437,415,2792,602,-12,0,0,0,0
41457,416,2790,602,-12,0,0,0,0
41477,438,2779,622,-10,0,0,0,0
41497,440,2779,634,-10,0,0,0,0
41517,446,2776,701,-8,0,0,0,0
41558,450,2773,701,-14,0,0,0,0
41578,459,2773,701,-5,0,0,0,0
41598,461,2773,701,-6,0,0,0,0
41618,467,2773,700,-5,0,0,0,0
41638,467,2779,700,-5,0,0,0,0
41658,474,2796,701,-4,0,0,0,0
41678,486,2799,724,-4,0,0,0,0
41698,488,2800,725,-2,0,0,0,0
41718,489,2808,725,-1,0,0,0,0
41759,498,2812,724,-1,0,0,0,0
41779,498,2821,678,0,0,0,0,0
41799,498,2821,678,0,0,0,0,0
41819,498,2821,678,0,0,0,0,0
41839,498,2821,678,0,0,0,0,0
41859,489,2821,678,0,0,0,0,0
41879,487,2821,679,0,0,0,0,0
41899,487,2819,684,0,0,0,0,0
41919,487,2819,688,0,0,0,0,0
41960,487,2819,698,0,0,0,0,0
41980,487,2819,698,0,0,0,0,0
42000,488,2819,700,0,0,0,0,0
42020,488,2821,700,0,0,0,0,0
42040,488,2821,700,0,0,0,0,0
42060,488,2813,700,0,0,0,0,0
42080,488,2821,700,0,0,0,0,0
42100,487,2815,706,0,0,0,0,0
42120,487,2808,711,0,0,0,0,0
42161,489,2808,706,-1,0,0,0,0
42181,489,2810,710,-3,0,0,0,0
42201,487,2802,710,-5,0,0,0,0
42221,489,2802,704,-7,0,0,0,0
42241,491,2810,704,-8,0,0,0,0
42261,495,2840,704,-9,0,0,0,0
42281,515,2847,704,-11,0,0,0,0
42301,556,2910,727,-11,0,0,0,0
42321,560,2913,730,-11,0,0,0,0
42362,620,2958,735,-25,0,0,0,0
42382,621,2966,736,-13,0,0,0,0
42402,636,3043,742,-13,0,0,0,0
42422,663,3112,748,-13,0,0,0,0
42442,663,3114,752,-15,0,0,0,0
42462,663,3176,1155,-15,0,0,0,0
42482,666,3194,1160,-16,0,0,0,0
42502,685,3244,1172,-16,0,0,0,0
42522,711,3245,1160,-18,0,0,0,0
42563,768,3332,1160,-36,0,0,0,0
42583,771,3350,938,-16,0,0,0,0
42603,885,3401,936,-16,0,0,0,0
42623,936,3468,936,-16,0,0,0,0
42643,966,3472,936,-14,0,0,0,0
42663,1082,3510,937,-12,0,0,0,0
42683,1136,3512,944,-10,0,0,0,0
42703,1194,3531,948,-9,0,0,0,0
42723,1235,3543,961,-7,0,0,0,0
42764,1331,3555,982,-14,0,0,0,0
42784,1376,3556,988,-5,0,0,0,0
42804,1548,3560,989,-3,0,0,0,0
42824,1581,3569,989,-1,0,0,0,0
42844,1619,3569,989,-1,0,0,0,0
42864,1665,3560,994,0,0,0,0,0
42884,1690,3508,1017,0,0,0,0,0
42904,1762,3504,1017,-1,0,0,0,0
42924,1807,3355,1017,-3,0,0,0,0
42965,1807,3343,1019,-4,0,0,0,0
42985,1807,3107,1019,-1,0,0,0,0
43005,1802,2732,1301,-2,0,0,0,0
43025,1760,2716,1310,-1,0,0,0,0
43045,1666,2311,1403,-3,0,0,0,0
43065,1558,2311,1405,-2,0,0,0,0
43085,1424,2311,1406,-2,0,0,0,0
43105,1286,2314,1624,0,0,0,0,0
43125,1006,2615,1629,-1,0,0,0,0
43166,787,2617,2075,-6,0,0,0,0
43186,687,2758,2077,-5,0,0,0,0
43206,687,2784,2444,-6,0,0,0,0
43226,683,2784,2712,-7,0,0,0,0
43246,683,2794,2716,-6,0,0,0,0
43266,683,2789,2802,-7,0,0,0,0
43286,665,2789,2803,-8,0,0,0,0
43306,662,2793,2806,-9,0,0,0,0
43326,636,2798,2806,-9,0,0,0,0
43367,636,2793,2806,-20,0,0,0,0
43387,636,2793,2813,-10,0,0,0,0
43407,663,2781,2819,-12,0,0,0,0
43427,692,2779,2831,-12,0,0,0,0
43447,762,2775,2832,-12,0,0,0,0
43467,797,2768,2909,-13,0,0,0,0
43487,808,2768,2917,-12,0,0,0,0
43507,859,2699,3070,-10,0,0,0,0
43527,960,2685,3078,-10,0,0,0,0
43568,1005,2520,3227,-21,0,0,0,0
43588,1077,2519,3245,-12,0,0,0,0
43608,1232,2378,3359,-13,0,0,0,0
43628,1306,2265,3518,-12,0,0,0,0
43648,1359,2249,3522,-12,0,0,0,0
43668,1448,2198,3536,-11,0,0,0,0
43688,1595,2192,3638,-11,0,0,0,0
43708,1684,2137,3644,-9,0,0,0,0
43728,1778,2130,3689,-8,0,0,0,0
43769,1855,2127,3703,-16,0,0,0,0
43789,2071,2121,3786,-7,0,0,0,0
43809,2225,2112,3800,-8,0,0,0,0
43829,2333,2114,3810,-7,0,0,0,0
43849,2548,2114,3811,-7,0,0,0,0
43869,2669,2114,3811,-7,0,0,0,0
43889,2784,2114,3810,-8,0,0,0,0
43909,2877,2124,3804,-10,0,0,0,0
43929,3112,2154,3743,-10,0,0,0,0
43970,3177,2163,3736,-23,0,0,0,0
43990,3303,2222,3642,-10,0,0,0,0
44010,3613,2331,3322,-11,0,0,0,0
44030,3643,2340,3309,-10,0,0,0,0
44050,3643,2405,2939,-11,0,0,0,0
44070,3643,2407,2939,-11,0,0,0,0
44090,3464,2529,2939,-12,0,0,0,0
44110,3306,2542,2939,-13,0,0,0,0
44130,3196,2587,3739,-12,0,0,0,0
44171,3033,2587,3759,-25,0,0,0,0
44191,2618,2587,3898,-10,0,0,0,0
44211,2221,2574,3899,-10,0,0,0,0
44231,2221,2567,3901,-10,0,0,0,0
44251,2221,2404,3902,-11,0,0,0,0
44271,2412,2382,3902,-10,0,0,0,0
44291,2616,2015,3901,-11,0,0,0,0
44311,2942,2012,3890,-11,0,0,0,0
44331,3124,1677,3886,-9,0,0,0,0
44372,3271,1628,3837,-15,0,0,0,0
44392,3380,1626,3836,-3,0,0,0,0
44412,3565,869,3723,-1,0,0,0,0
44432,3588,866,3496,0,0,0,0,0
44452,3607,866,3490,0,0,0,0,0
44472,3617,866,3435,0,0,0,0,0
44492,3629,867,3418,0,0,0,0,0
44512,3629,867,3418,0,0,0,0,0
44532,3618,867,3418,0,0,0,0,0
44573,3629,867,3413,0,0,0,0,0
44593,3629,867,3436,0,0,0,0,0
44613,3618,867,3436,0,0,0,0,0
44633,3618,867,3436,0,0,0,0,0
44653,3632,867,3433,0,0,0,0,0
44673,3613,866,3435,0,0,0,0,0
44693,3611,866,3433,0,0,0,0,0
44713,3611,867,3434,0,0,0,0,0
44733,3611,869,3432,0,0,0,0,0
44774,3611,867,3432,0,0,0,0,0
44794,3608,869,3423,0,0,0,0,0
44814,3608,869,3417,0,0,0,0,0
44834,3611,869,3413,0,0,0,0,0
44854,3611,868,3413,0,0,0,0,0
44874,3611,869,3417,0,0,0,0,0
44894,3612,868,3417,0,0,0,0,0
44914,3612,869,3412,-1,0,0,0,0
44934,3611,871,3410,-1,0,0,0,0
44975,3608,885,3406,-8,0,0,0,0
44995,3608,893,3398,-7,0,0,0,0
45015,3599,924,3381,-9,0,0,0,0
45035,3596,925,3362,-8,0,0,0,0
45055,3569,941,3179,-9,0,0,0,0
45075,3565,953,3164,-9,0,0,0,0
45095,3553,963,2873,-10,0,0,0,0
45115,3420,966,2869,-11,0,0,0,0
45135,3251,966,2869,-11,0,0,0,0
45176,3073,966,2873,-24,0,0,0,0
45196,2766,941,3840,-11,0,0,0,0
45216,2274,842,3897,-9,0,0,0,0
45236,1919,840,3897,-9,0,0,0,0
45256,1306,840,3897,-9,0,0,0,0
45276,1089,840,3899,-10,0,0,0,0
45296,1058,2128,3897,-10,0,0,0,0
45316,950,2128,3897,-11,0,0,0,0
45336,533,2205,3893,-11,0,0,0,0
45377,533,2218,3891,-16,0,0,0,0
45397,533,2275,3725,-4,0,0,0,0
45417,540,2388,3502,-3,0,0,0,0
45437,540,2388,3501,-2,0,0,0,0
45457,545,2392,3499,-1,0,0,0,0
45477,545,2397,3352,-1,0,0,0,0
45497,545,2415,3345,-1,0,0,0,0
45517,545,2415,3303,-2,0,0,0,0
45537,545,2415,3294,-1,0,0,0,0
45578,545,2415,3282,-6,0,0,0,0
45598,547,2417,3279,-4,0,0,0,0
45618,558,2421,3259,-5,0,0,0,0
45638,563,2435,3259,-7,0,0,0,0
45658,564,2435,3259,-8,0,0,0,0
45678,587,2435,3276,-10,0,0,0,0
45698,598,2430,3305,-11,0,0,0,0
45718,637,2429,3410,-13,0,0,0,0
45738,659,2428,3412,-14,0,0,0,0
45779,661,2349,3451,-30,0,0,0,0
45799,692,2341,3458,-15,0,0,0,0
45819,797,971,3500,-16,0,0,0,0
45839,836,794,3579,-15,0,0,0,0
45859,858,790,3589,-14,0,0,0,0
45879,936,746,3624,-14,0,0,0,0
45899,982,745,3630,-14,0,0,0,0
45919,1030,745,3666,-13,0,0,0,0
45939,1075,745,3667,-12,0,0,0,0
45980,1166,792,3715,-24,0,0,0,0
46000,1236,792,3729,-10,0,0,0,0
46020,1348,792,3735,-9,0,0,0,0
46040,1475,771,3745,-9,0,0,0,0
46060,1558,771,3749,-7,0,0,0,0
46080,1597,646,3757,-5,0,0,0,0
46100,1664,646,3761,-6,0,0,0,0
46120,1783,646,3761,-4,0,0,0,0
46140,1839,663,3761,-4,0,0,0,0
46181,1876,668,3741,-8,0,0,0,0
46201,1922,668,3734,-5,0,0,0,0
46221,1962,668,3691,-7,0,0,0,0
46241,1978,668,3684,-7,0,0,0,0
46261,1999,668,3540,-9,0,0,0,0
46281,2012,679,3535,-9,0,0,0,0
46301,2012,764,3325,-10,0,0,0,0
46321,2012,768,3324,-10,0,0,0,0
46341,1985,780,2983,-11,0,0,0,0
46382,1967,868,2970,-24,0,0,0,0
46402,1931,868,2684,-12,0,0,0,0
46422,1808,893,2605,-12,0,0,0,0
46442,1621,893,2598,-12,0,0,0,0
46462,1524,893,2598,-10,0,0,0,0
46482,1400,892,2605,-9,0,0,0,0
46502,1258,892,3201,-9,0,0,0,0
46522,965,892,3221,-7,0,0,0,0
46542,786,970,3470,-8,0,0,0,0
46583,682,972,3476,-16,0,0,0,0
46603,638,1021,3477,-8,0,0,0,0
46623,471,1276,3491,-8,0,0,0,0
46643,462,1276,3493,-7,0,0,0,0
46663,372,1276,3505,-9,0,0,0,0
46683,369,1171,3493,-8,0,0,0,0
46703,355,1163,3493,-9,0,0,0,0
46723,355,1043,3493,-9,0,0,0,0
46743,341,1035,3493,-11,0,0,0,0
46784,341,1016,3487,-21,0,0,0,0
46804,346,1012,3475,-11,0,0,0,0
46824,343,897,3473,-12,0,0,0,0
46844,346,818,3472,-11,0,0,0,0
46864,350,811,3467,-12,0,0,0,0
46890,365,749,3467,-14,0,0,0,0
46910,365,742,3444,-11,0,0,0,0
46930,369,721,3432,-8,0,0,0,0
46950,386,719,3428,-7,0,0,0,0
46985,391,705,3392,-8,0,0,0,0
47005,394,695,3388,-3,0,0,0,0
47025,394,694,3360,-1,0,0,0,0
47045,399,649,3360,0,0,0,0,0
47065,413,647,3360,0,0,0,0,0
47085,417,647,3365,0,0,0,0,0
47105,417,646,3368,0,0,0,0,0
47125,417,646,3374,0,0,0,0,0
47145,419,648,3368,0,0,0,0,0
47186,417,648,3368,0,0,0,0,0
47206,417,646,3368,0,0,0,0,0
47226,417,646,3353,0,0,0,0,0
47246,414,646,3340,0,0,0,0,0
47266,414,646,3340,0,0,0,0,0
47286,414,646,3345,0,0,0,0,0
47306,417,647,3345,0,0,0,0,0
47326,417,647,3345,0,0,0,0,0
47346,417,646,3345,0,0,0,0,0
47387,414,646,3346,0,0,0,0,0
47407,414,645,3340,0,0,0,0,0
47427,413,645,3339,0,0,0,0,0
47447,392,644,3340,0,0,0,0,0
47467,413,645,3343,0,0,0,0,0
47487,391,645,3343,0,0,0,0,0
47507,391,646,3343,0,0,0,0,0
47527,403,646,3343,0,0,0,0,0
47547,403,647,3346,0,0,0,0,0
47588,389,650,3350,0,0,0,0,0
47608,403,647,3350,0,0,0,0,0
47628,403,646,3365,0,0,0,0,0
47648,400,650,3369,0,0,0,0,0
47668,400,649,3373,0,0,0,0,0
47688,414,646,3369,0,0,0,0,0
47708,400,649,3372,0,0,0,0,0
47728,391,651,3369,0,0,0,0,0
47748,391,669,3372,0,0,0,0,0
47789,411,669,3372,0,0,0,0,0
47809,411,669,3372,0,0,0,0,0
47829,411,647,3368,0,0,0,0,0
47849,411,646,3372,0,0,0,0,0
47869,398,646,3366,0,0,0,0,0
47889,394,645,3362,0,0,0,0,0
47909,394,645,3366,0,0,0,0,0
47929,398,645,3368,0,0,0,0,0
47949,416,645,3368,0,0,0,0,0
47990,416,645,3389,0,0,0,0,0
48010,416,645,3403,0,0,0,0,0
48030,414,645,3411,0,0,0,0,0
48050,414,652,3413,0,0,0,0,0
48070,393,644,3427,0,0,0,0,0
48090,411,644,3427,0,0,0,0,0
48110,396,649,3428,0,0,0,0,0
48130,396,649,3428,-1,0,0,0,0
48150,393,647,3427,0,0,0,0,0
48191,396,647,3415,0,0,0,0,0
48211,393,647,3413,0,0,0,0,0
48231,393,647,3413,0,0,0,0,0
48251,393,648,3398,-2,0,0,0,0
48271,393,648,3398,-1,0,0,0,0
48291,393,648,3397,-2,0,0,0,0
48311,412,648,3387,-3,0,0,0,0
48331,411,645,3373,-4,0,0,0,0
48351,412,645,3371,-4,0,0,0,0
48392,416,648,3370,-14,0,0,0,0
48412,425,648,3320,-8,0,0,0,0
48432,471,661,3274,-11,0,0,0,0
48452,485,670,3260,-11,0,0,0,0
48472,565,670,3168,-12,0,0,0,0
48492,609,671,3161,-13,0,0,0,0
48512,609,692,2984,-13,0,0,0,0
48532,635,705,2983,-14,0,0,0,0
48552,637,719,2704,-16,0,0,0,0
48593,637,728,2689,-36,0,0,0,0
48613,903,1092,2329,-19,0,0,0,0
48633,903,1427,1012,-20,0,0,0,0
48653,903,1433,1006,-19,0,0,0,0
48673,793,1827,1006,-19,0,0,0,0
48693,742,1831,1006,-19,0,0,0,0
48713,689,2115,1043,-17,0,0,0,0
48733,636,2127,1043,-16,0,0,0,0
48753,568,2161,1092,-15,0,0,0,0
48794,294,2179,1092,-28,0,0,0,0
48814,294,2183,1092,-12,0,0,0,0
48834,294,2618,1919,-11,0,0,0,0
48854,294,2622,1926,-10,0,0,0,0
48874,294,2628,2654,-6,0,0,0,0
48894,294,2748,2654,-5,0,0,0,0
48914,294,2753,2654,-4,0,0,0,0
48934,294,2845,2649,-5,0,0,0,0
48954,326,2847,2642,-6,0,0,0,0
48995,345,2922,2495,-20,0,0,0,0
49015,365,2952,2488,-11,0,0,0,0
49035,392,3010,2357,-12,0,0,0,0
49055,395,3111,2311,-15,0,0,0,0
49075,416,3112,2307,-16,0,0,0,0
49095,420,3165,2277,-16,0,0,0,0
49115,484,3192,2260,-16,0,0,0,0
49135,488,3192,2260,-16,0,0,0,0
49155,489,3189,2260,-16,0,0,0,0
49196,536,3204,2260,-30,0,0,0,0
49216,596,3189,2260,-16,0,0,0,0
49236,642,3178,2207,-17,0,0,0,0
49256,710,3159,2149,-18,0,0,0,0
49276,788,3156,2149,-18,0,0,0,0
49296,818,870,2100,-18,0,0,0,0
49316,882,861,2094,-18,0,0,0,0
49336,907,845,2083,-16,0,0,0,0
49356,1033,843,2080,-16,0,0,0,0
49397,1055,843,2013,-30,0,0,0,0
49417,1127,840,2002,-11,0,0,0,0
49437,1284,827,1955,-12,0,0,0,0
49457,1362,815,1926,-11,0,0,0,0
49477,1432,790,1900,-11,0,0,0,0
49497,1575,785,1872,-9,0,0,0,0
49517,1641,745,1866,-9,0,0,0,0
49537,1736,741,1858,-8,0,0,0,0
49557,1805,727,1845,-7,0,0,0,0
49598,1910,722,1843,-11,0,0,0,0
49618,2041,722,1815,-4,0,0,0,0
49638,2172,715,1812,-2,0,0,0,0
49658,2307,713,1812,-1,0,0,0,0
49678,2322,697,1812,0,0,0,0,0
49698,2349,697,1816,0,0,0,0,0
49718,2384,697,1834,0,0,0,0,0
49738,2413,695,1841,0,0,0,0,0
49758,2427,697,1843,0,0,0,0,0
49799,2431,697,1841,0,0,0,0,0
49819,2431,699,1834,0,0,0,0,0
49839,2430,699,1841,0,0,0,0,0
49859,2430,699,1843,0,0,0,0,0
49879,2435,698,1825,0,0,0,0,0
49899,2430,698,1825,0,0,0,0,0
49919,2430,696,1826,0,0,0,0,0
49939,2435,695,1825,0,0,0,0,0
49959,2429,694,1825,0,0,0,0,0
50000,2429,693,1826,0,0,0,0,0
50020,2433,693,1842,0,0,0,0,0
50040,2433,693,1842,0,0,0,0,0
50060,2429,693,1842,0,0,0,0,0
50080,2433,693,1842,0,0,0,0,0
50100,2433,694,1837,0,0,0,0,0
50120,2433,695,1837,0,0,0,0,0
50140,2437,696,1837,0,0,0,0,0
50160,2491,705,1837,0,0,0,0,0
50201,2491,888,1830,0,0,0,0,0
50221,2491,888,1830,-1,0,0,0,0
50241,2441,888,1830,0,0,0,0,0
50261,2418,732,1830,0,0,0,0,0
50281,2397,727,1828,0,0,0,0,0
50301,2397,725,1828,0,0,0,0,0
50321,2390,721,1823,0,0,0,0,0
50341,2374,702,1823,0,0,0,0,0
50361,2373,702,1822,0,0,0,0,0
50402,2367,702,1819,0,0,0,0,0
50422,2347,707,1819,0,0,0,0,0
50442,2347,710,1821,0,0,0,0,0
50462,2347,720,1818,0,0,0,0,0
50482,2344,722,1821,-1,0,0,0,0
50502,2343,722,1822,-1,0,0,0,0
50522,2329,720,1829,-2,0,0,0,0
50542,2320,717,1846,-2,0,0,0,0
50562,2320,717,1846,-3,0,0,0,0
50603,2318,695,1848,-10,0,0,0,0
50623,2299,695,1846,-7,0,0,0,0
50643,2223,695,1841,-8,0,0,0,0
50663,2177,719,1841,-9,0,0,0,0
50683,2064,719,1935,-11,0,0,0,0
50703,1994,720,2126,-12,0,0,0,0
50723,1918,819,2130,-12,0,0,0,0
50743,1785,829,2136,-13,0,0,0,0
50763,1536,1401,2792,-13,0,0,0,0
50804,1355,1405,2801,-30,0,0,0,0
50824,1212,1695,3146,-14,0,0,0,0
50844,761,1917,3344,-14,0,0,0,0
50864,734,1921,3345,-14,0,0,0,0
50884,660,2151,3345,-12,0,0,0,0
50904,634,2159,3344,-12,0,0,0,0
50924,565,2369,3259,-12,0,0,0,0
50944,279,2371,3253,-12,0,0,0,0
50964,279,2578,3134,-12,0,0,0,0
51005,279,2587,3122,-24,0,0,0,0
51025,314,2712,3061,-11,0,0,0,0
51045,319,2728,2960,-12,0,0,0,0
51065,343,2729,2956,-12,0,0,0,0
51085,347,2731,2933,-12,0,0,0,0
51105,349,2746,2922,-14,0,0,0,0
51125,366,2749,2917,-15,0,0,0,0
51145,376,2749,2910,-14,0,0,0,0
51165,386,2749,2896,-14,0,0,0,0
51206,388,2772,2896,-30,0,0,0,0
51226,391,2777,2896,-15,0,0,0,0
51246,437,2793,2979,-15,0,0,0,0
51266,437,2793,2991,-14,0,0,0,0
51286,443,2793,2991,-13,0,0,0,0
51306,488,2782,2991,-10,0,0,0,0
51326,515,2774,2998,-8,0,0,0,0
51346,517,2768,3043,-8,0,0,0,0
51366,535,2743,3043,-8,0,0,0,0
51407,586,2707,3043,-15,0,0,0,0
51427,621,2704,3043,-8,0,0,0,0
51447,662,2684,3045,-10,0,0,0,0
51467,732,2367,3032,-10,0,0,0,0
51487,762,2352,3007,-12,0,0,0,0
51507,809,996,2932,-11,0,0,0,0
51527,853,993,2926,-12,0,0,0,0
51547,935,845,2926,-11,0,0,0,0
51567,1004,845,2917,-12,0,0,0,0
51608,1033,801,2917,-21,0,0,0,0
51628,1093,788,2910,-10,0,0,0,0
51648,1259,767,2895,-11,0,0,0,0
51668,1326,762,2895,-9,0,0,0,0
51688,1380,678,2895,-9,0,0,0,0
51708,1536,670,2915,-7,0,0,0,0
51728,1620,623,2915,-6,0,0,0,0
51748,1669,616,2946,-5,0,0,0,0
51768,1754,586,2954,-4,0,0,0,0
51809,1854,573,2955,-7,0,0,0,0
51829,1857,543,2959,-2,0,0,0,0
51849,1945,523,2966,-2,0,0,0,0
51869,1993,519,2982,-3,0,0,0,0
51889,1994,519,2982,-4,0,0,0,0
51909,2013,523,2982,-5,0,0,0,0
51929,2037,536,2918,-6,0,0,0,0
51949,2068,547,2915,-6,0,0,0,0
51969,2083,645,2824,-8,0,0,0,0
52010,2083,645,2815,-17,0,0,0,0
52030,2083,645,2671,-9,0,0,0,0
52050,2010,645,2442,-8,0,0,0,0
52070,1965,697,2435,-9,0,0,0,0
52090,1878,1088,2435,-8,0,0,0,0
52110,1619,1092,2428,-10,0,0,0,0
52130,1447,1456,2428,-10,0,0,0,0
52150,1306,1459,2446,-11,0,0,0,0
52170,1159,1459,3104,-11,0,0,0,0
52211,813,1790,3107,-23,0,0,0,0
52231,685,1797,3370,-9,0,0,0,0
52251,488,2076,3401,-10,0,0,0,0
52271,442,2250,3401,-9,0,0,0,0
52291,439,2263,3401,-9,0,0,0,0
52311,439,2331,3395,-9,0,0,0,0
52331,439,2337,3387,-9,0,0,0,0
52351,443,2386,3386,-10,0,0,0,0
52371,443,2387,3381,-9,0,0,0,0
52412,443,2433,3381,-18,0,0,0,0
52432,399,2434,3381,-8,0,0,0,0
52452,291,2441,3387,-8,0,0,0,0
52472,219,2481,3394,-8,0,0,0,0
52492,201,2483,3397,-8,0,0,0,0
52512,200,2510,3397,-7,0,0,0,0
52532,200,2510,3398,-9,0,0,0,0
52552,201,2512,3398,-9,0,0,0,0
52572,219,2510,3398,-10,0,0,0,0
52613,220,2510,3353,-20,0,0,0,0
52633,220,2512,3334,-8,0,0,0,0
52653,242,2524,3317,-8,0,0,0,0
52673,270,2529,3293,-8,0,0,0,0
52693,274,2529,3281,-7,0,0,0,0
52713,291,2529,3214,-6,0,0,0,0
52733,291,2531,3206,-6,0,0,0,0
52753,294,2531,3180,-6,0,0,0,0
52773,294,2546,3170,-6,0,0,0,0
52814,294,2546,3153,-15,0,0,0,0
52834,275,2546,3153,-8,0,0,0,0
52854,271,2506,3153,-10,0,0,0,0
52874,270,2504,3214,-9,0,0,0,0
52894,270,2467,3218,-10,0,0,0,0
52914,270,2446,3301,-11,0,0,0,0
52934,291,2431,3306,-10,0,0,0,0
52954,292,2428,3393,-11,0,0,0,0
52974,292,2418,3395,-11,0,0,0,0
53015,304,2407,3477,-23,0,0,0,0
53035,324,2372,3477,-11,0,0,0,0
53055,325,2362,3543,-10,0,0,0,0
53075,341,2339,3546,-10,0,0,0,0
53095,342,2297,3616,-9,0,0,0,0
53115,368,2294,3625,-7,0,0,0,0
53135,393,2294,3676,-8,0,0,0,0
53155,395,2294,3682,-6,0,0,0,0
53175,410,2275,3682,-7,0,0,0,0
53216,414,2275,3676,-13,0,0,0,0
53236,465,2275,3624,-6,0,0,0,0
53256,466,2287,3580,-7,0,0,0,0
53276,516,2292,3580,-6,0,0,0,0
53296,517,2297,3579,-8,0,0,0,0
53316,543,2320,3574,-7,0,0,0,0
53336,543,2321,3512,-8,0,0,0,0
53356,587,2327,3480,-7,0,0,0,0
53376,611,2342,3434,-9,0,0,0,0
53417,644,2342,3432,-20,0,0,0,0
53437,666,2327,3375,-11,0,0,0,0
53457,735,1772,3349,-11,0,0,0,0
53477,761,972,3347,-11,0,0,0,0
53497,785,968,3336,-11,0,0,0,0
53517,836,966,3327,-10,0,0,0,0
53537,860,964,3310,-9,0,0,0,0
53557,885,919,3310,-8,0,0,0,0
53577,934,916,3307,-8,0,0,0,0
53618,1007,859,3297,-13,0,0,0,0
53638,1011,837,3243,-5,0,0,0,0
53658,1087,815,3198,-5,0,0,0,0
53678,1139,774,3197,-3,0,0,0,0
53698,1162,768,3194,-3,0,0,0,0
53718,1196,756,3188,-2,0,0,0,0
53738,1211,739,3179,-2,0,0,0,0
53758,1230,739,3179,0,0,0,0,0
53778,1237,739,3186,0,0,0,0,0
53819,1237,742,3184,0,0,0,0,0
53839,1238,743,3186,-2,0,0,0,0
53859,1257,743,3194,-5,0,0,0,0
53879,1257,742,3186,-6,0,0,0,0
53899,1236,742,3184,-7,0,0,0,0
53919,1243,743,3085,-10,0,0,0,0
53939,1235,765,3075,-10,0,0,0,0
53959,1235,766,2901,-13,0,0,0,0
53979,1233,841,2898,-12,0,0,0,0
54020,1163,854,2602,-29,0,0,0,0
54040,1137,1041,2591,-15,0,0,0,0
54060,980,1552,2214,-16,0,0,0,0
54080,899,1572,1989,-16,0,0,0,0
54100,812,1957,1982,-16,0,0,0,0
54120,706,1959,1982,-14,0,0,0,0
54140,514,2360,1989,-12,0,0,0,0
54160,488,2363,2205,-11,0,0,0,0
54180,396,2363,2219,-10,0,0,0,0
54221,295,2360,2284,-18,0,0,0,0
54241,295,2207,2292,-6,0,0,0,0
54261,295,1968,2305,-5,0,0,0,0
54281,298,1963,2306,-4,0,0,0,0
54301,318,1678,2307,-4,0,0,0,0
54321,326,1677,2307,-3,0,0,0,0
54341,342,1536,2305,-3,0,0,0,0
54361,343,1531,2297,-3,0,0,0,0
54381,342,1530,2297,-5,0,0,0,0
54422,343,1506,2297,-13,0,0,0,0
54442,343,1506,2305,-8,0,0,0,0
54462,346,1506,2311,-10,0,0,0,0
54482,346,2500,2322,-10,0,0,0,0
54502,352,2503,2330,-11,0,0,0,0
54522,363,3117,2330,-11,0,0,0,0
54542,364,3127,2412,-11,0,0,0,0
54562,364,3127,2441,-12,0,0,0,0
54582,387,3117,2506,-13,0,0,0,0
54623,392,3046,2508,-30,0,0,0,0
54643,392,3045,2579,-15,0,0,0,0
54663,412,2910,2692,-16,0,0,0,0
54683,421,2791,2698,-15,0,0,0,0
54703,439,2787,2787,-15,0,0,0,0
54723,444,2742,2800,-14,0,0,0,0
54743,456,2728,2840,-14,0,0,0,0
54763,461,2726,2840,-15,0,0,0,0
54783,512,2714,2845,-16,0,0,0,0
54824,517,2710,2845,-32,0,0,0,0
54844,536,2703,2920,-15,0,0,0,0
54864,613,2655,3007,-16,0,0,0,0
54884,617,2634,3009,-16,0,0,0,0
54904,642,2624,3022,-15,0,0,0,0
54924,661,2619,3022,-15,0,0,0,0
54944,684,2552,3022,-15,0,0,0,0
54964,719,2552,2291,-15,0,0,0,0
54984,771,2550,2289,-14,0,0,0,0
55025,797,2550,1082,-28,0,0,0,0
55045,845,2545,1082,-12,0,0,0,0
55065,906,2507,1081,-13,0,0,0,0
55085,959,2503,1082,-12,0,0,0,0
55105,1007,2446,1087,-12,0,0,0,0
55125,1052,2433,1087,-12,0,0,0,0
55145,1085,2429,1094,-11,0,0,0,0
55165,1163,2420,1106,-10,0,0,0,0
55185,1245,2417,1106,-10,0,0,0,0
55226,1257,2408,1106,-16,0,0,0,0
55246,1305,2388,1112,-7,0,0,0,0
55266,1476,2365,1112,-6,0,0,0,0
55286,1493,2351,1112,-5,0,0,0,0
55306,1572,2322,1133,-3,0,0,0,0
55326,1668,2315,1134,-3,0,0,0,0
55346,1713,2274,1134,-3,0,0,0,0
55366,1759,2271,1137,-3,0,0,0,0
55386,1804,2204,1134,-4,0,0,0,0
55427,1856,2193,1132,-4,0,0,0,0
55447,1901,2136,1131,-1,0,0,0,0
55467,1969,2080,1132,-2,0,0,0,0
55487,2015,2068,1132,-1,0,0,0,0
55507,2026,2058,1135,0,0,0,0,0
55527,2026,1941,1135,0,0,0,0,0
55547,2026,1932,1135,0,0,0,0,0
55567,2015,1932,1130,-1,0,0,0,0
55587,1997,1941,1111,-1,0,0,0,0
55628,1966,2204,1108,-1,0,0,0,0
55648,1930,2205,1062,-1,0,0,0,0
55668,1691,2447,1028,-2,0,0,0,0
55688,1549,2891,1010,-3,0,0,0,0
55708,1377,2892,982,-5,0,0,0,0
55728,1032,3181,964,-3,0,0,0,0
55748,859,3186,842,-4,0,0,0,0
55768,788,3186,842,-7,0,0,0,0
55788,788,3186,704,-9,0,0,0,0
55829,821,3167,704,-25,0,0,0,0
55849,859,3163,704,-14,0,0,0,0
55869,966,3031,840,-14,0,0,0,0
55889,981,2893,845,-13,0,0,0,0
55909,1029,2888,1215,-11,0,0,0,0
55929,1079,2804,1215,-9,0,0,0,0
55949,1164,2797,1215,-7,0,0,0,0
55969,1215,2716,1205,-6,0,0,0,0
55989,1243,2711,1170,-5,0,0,0,0
56030,1262,2700,1164,-2,0,0,0,0
56050,1349,2666,1163,0,0,0,0,0
56070,1351,2666,1114,0,0,0,0,0
56090,1354,2660,1113,0,0,0,0,0
56110,1351,2659,1100,0,0,0,0,0
56130,1349,2659,1086,0,0,0,0,0
56150,1357,2659,1083,0,0,0,0,0
56170,1355,2659,1072,0,0,0,0,0
56190,1347,2659,1062,0,0,0,0,0
56231,1355,2667,1023,0,0,0,0,0
56251,1362,2669,1023,0,0,0,0,0
56271,1355,2667,1023,0,0,0,0,0
56291,1347,2662,1035,0,0,0,0,0
56311,1362,2662,1036,0,0,0,0,0
56331,1331,2662,1062,0,0,0,0,0
56351,1331,2662,1062,0,0,0,0,0
56371,1336,2662,1067,0,0,0,0,0
56391,1336,2664,1063,0,0,0,0,0
56432,1336,2665,1065,0,0,0,0,0
56452,1336,2665,1063,0,0,0,0,0
56472,1336,2665,1063,0,0,0,0,0
56492,1339,2665,1063,0,0,0,0,0
56512,1351,2665,1065,0,0,0,0,0
56532,1352,2665,1071,0,0,0,0,0
56552,1352,2665,1071,0,0,0,0,0
56572,1354,2664,1071,0,0,0,0,0
56592,1354,2660,1067,0,0,0,0,0
56633,1355,2658,1064,0,0,0,0,0
56653,1354,2658,1061,0,0,0,0,0
56673,1355,2658,1046,0,0,0,0,0
56693,1354,2660,1045,0,0,0,0,0
56713,1355,2666,1040,0,0,0,0,0
56733,1354,2666,1040,0,0,0,0,0
56753,1357,2663,1040,-1,0,0,0,0
56773,1375,2663,1045,-3,0,0,0,0
56793,1377,2659,1160,-4,0,0,0,0
56834,1382,2653,1160,-5,0,0,0,0
56854,1434,2640,1160,-1,0,0,0,0
56874,1509,2616,1142,0,0,0,0,0
56894,1547,2530,1131,-1,0,0,0,0
56914,1547,2529,1061,-2,0,0,0,0
56934,1547,2274,1061,-3,0,0,0,0
56954,1546,2258,1061,-3,0,0,0,0
56974,1526,2121,1062,-4,0,0,0,0
56994,1471,2114,1358,-4,0,0,0,0
57035,1454,2114,1366,-8,0,0,0,0
57055,1398,2121,1591,-2,0,0,0,0
57075,1235,2410,1749,-2,0,0,0,0
57095,1188,2412,1755,-3,0,0,0,0
57115,1028,2660,1961,-3,0,0,0,0
57135,935,2664,1962,-4,0,0,0,0
57155,791,2845,2197,-4,0,0,0,0
57175,718,2859,2204,-5,0,0,0,0
57195,636,2902,2302,-9,0,0,0,0
57236,612,2908,2310,-16,0,0,0,0
57256,603,2959,2314,-6,0,0,0,0
57276,567,3003,2345,-5,0,0,0,0
57296,536,3014,2351,-8,0,0,0,0
57316,345,3018,2353,-8,0,0,0,0
57336,265,3018,2353,-9,0,0,0,0
57356,219,3020,2353,-8,0,0,0,0
57376,219,3025,2393,-10,0,0,0,0
57396,219,3046,2398,-9,0,0,0,0
57437,274,3046,2419,-20,0,0,0,0
57457,324,3046,2421,-8,0,0,0,0
57477,340,3023,2446,-9,0,0,0,0
57497,340,3020,2507,-11,0,0,0,0
57517,341,2990,2508,-10,0,0,0,0
57537,346,2982,2605,-11,0,0,0,0
57557,346,2939,2610,-11,0,0,0,0
57577,346,2930,2684,-14,0,0,0,0
57597,346,2920,2692,-15,0,0,0,0
57638,343,2916,2739,-32,0,0,0,0
57658,342,2915,2743,-16,0,0,0,0
57678,342,2893,2758,-13,0,0,0,0
57698,342,2870,2802,-11,0,0,0,0
57718,342,2864,2809,-10,0,0,0,0
57738,342,2806,2859,-11,0,0,0,0
57758,351,2803,2859,-11,0,0,0,0
57778,354,2800,2859,-12,0,0,0,0
57798,362,2791,2859,-12,0,0,0,0
57839,363,2751,2859,-26,0,0,0,0
57859,364,2750,2882,-14,0,0,0,0
57879,366,2735,2882,-17,0,0,0,0
57899,380,2693,2889,-16,0,0,0,0
57919,390,2678,2938,-15,0,0,0,0
57939,396,2624,2947,-15,0,0,0,0
57959,397,2623,2980,-16,0,0,0,0
57979,401,2623,2982,-17,0,0,0,0
57999,417,2616,3011,-17,0,0,0,0
58040,419,2601,3022,-33,0,0,0,0
58060,419,2591,3023,-15,0,0,0,0
58080,464,2563,3074,-15,0,0,0,0
58100,465,2552,3084,-13,0,0,0,0
58120,466,2541,3084,-11,0,0,0,0
58140,487,2541,3087,-13,0,0,0,0
58160,514,2552,3087,-14,0,0,0,0
58180,515,2554,3084,-14,0,0,0,0
58200,537,2572,3084,-12,0,0,0,0
58241,570,2572,3087,-24,0,0,0,0
58261,588,2572,3089,-9,0,0,0,0
58281,610,2575,3089,-10,0,0,0,0
58301,610,2575,3089,-10,0,0,0,0
58321,638,2576,3028,-11,0,0,0,0
58341,658,2576,3018,-9,0,0,0,0
58361,662,2576,2517,-10,0,0,0,0
58381,682,2569,2507,-9,0,0,0,0
58401,734,2569,1284,-8,0,0,0,0
58442,734,2567,1281,-11,0,0,0,0
58462,763,2567,1281,-3,0,0,0,0
58482,800,2548,1281,-2,0,0,0,0
58502,809,2546,1461,0,0,0,0,0
58522,812,2545,1468,0,0,0,0,0
58542,815,2537,1585,0,0,0,0,0
58562,836,2545,1587,0,0,0,0,0
58582,836,2536,1604,0,0,0,0,0
58602,836,2536,1622,0,0,0,0,0
58643,836,2536,1622,0,0,0,0,0
58663,836,2534,1605,0,0,0,0,0
58683,834,2534,1605,0,0,0,0,0
58703,815,2533,1565,0,0,0,0,0
58723,815,2533,1565,0,0,0,0,0
58743,815,2534,1560,0,0,0,0,0
58763,812,2538,1561,0,0,0,0,0
58783,812,2546,1565,0,0,0,0,0
58803,833,2548,1565,0,0,0,0,0
58844,815,2551,1561,0,0,0,0,0
58864,815,2551,1564,-1,0,0,0,0
58884,832,2551,1564,-2,0,0,0,0
58904,815,2550,1564,-3,0,0,0,0
58924,815,2550,1561,-5,0,0,0,0
58944,812,2550,1561,-7,0,0,0,0
58964,829,2563,1561,-8,0,0,0,0
58984,829,2585,1381,-8,0,0,0,0
59004,849,2590,1379,-9,0,0,0,0
59045,884,2593,1379,-19,0,0,0,0
59065,894,2602,901,-8,0,0,0,0
59085,941,2609,626,-6,0,0,0,0
59105,1007,2609,626,-6,0,0,0,0
59125,1031,2609,626,-4,0,0,0,0
59145,1050,2556,626,-3,0,0,0,0
59165,1077,2549,962,-2,0,0,0,0
59185,1143,2445,965,-1,0,0,0,0
59205,1156,2437,1204,-1,0,0,0,0
59246,1156,2214,1378,-3,0,0,0,0
59266,1156,2199,1379,-2,0,0,0,0
59286,1124,1917,1379,-2,0,0,0,0
59306,1122,1912,1379,-2,0,0,0,0
59326,1120,1865,1653,-2,0,0,0,0
59346,1011,1865,1656,-2,0,0,0,0
59366,954,1865,1913,-3,0,0,0,0
59386,902,1869,1914,-3,0,0,0,0
59406,902,1916,2185,-5,0,0,0,0
59447,859,1917,2199,-14,0,0,0,0
59467,786,2095,2502,-7,0,0,0,0
59487,279,2211,2691,-8,0,0,0,0
59507,279,2222,2709,-9,0,0,0,0
59527,279,2251,2807,-10,0,0,0,0
59547,280,2252,2814,-9,0,0,0,0
59567,295,2287,2820,-10,0,0,0,0
59587,295,2308,2829,-10,0,0,0,0
59607,291,2345,2829,-9,0,0,0,0
59648,295,2346,2829,-19,0,0,0,0
59668,312,2370,2827,-10,0,0,0,0
59688,316,2378,2825,-10,0,0,0,0
59708,317,2386,2825,-12,0,0,0,0
59728,345,2391,2827,-12,0,0,0,0
59748,346,2386,2850,-13,0,0,0,0
59768,356,2391,2852,-14,0,0,0,0
59788,365,2386,2868,-14,0,0,0,0
59808,388,2386,2872,-15,0,0,0,0
59849,391,2386,2872,-31,0,0,0,0
59869,391,2392,2868,-15,0,0,0,0
59889,439,2422,2849,-16,0,0,0,0
59909,463,2432,2849,-16,0,0,0,0
59929,471,2434,2830,-17,0,0,0,0
59949,488,2445,2830,-16,0,0,0,0
59969,523,2453,2815,-17,0,0,0,0
59989,539,2479,2812,-17,0,0,0,0
